id_univoco,time,tipo
NO004,2013-10-08T14:11:24Z,Variaz. parametro
NO004,2013-10-08T14:11:24Z,Variaz. parametro
NO004,2013-10-08T14:11:24Z,Variaz. parametro
NO004,2013-10-08T14:11:24Z,Variaz. parametro
NO004,2013-10-08T14:11:24Z,Variaz. parametro
NO004,2013-10-08T14:11:24Z,Variaz. parametro
NO004,2013-10-08T14:11:24Z,Variaz. limite allarme
NO004,2013-10-08T14:11:24Z,Variaz. limite allarme
NO004,2013-10-08T14:11:24Z,Variaz. limite allarme
NO004,2013-10-08T14:11:24Z,Funzioni
NO004,2013-10-08T14:11:27Z,Allarme
NO004,2013-10-08T14:11:48Z,Allarme
NO004,2013-10-08T14:49:55Z,Variaz. parametro
NO004,2013-10-08T14:49:55Z,Variaz. parametro
NO004,2013-10-08T14:49:55Z,Variaz. parametro
NO004,2013-10-08T16:39:27Z,Variaz. parametro
NO004,2013-10-08T20:49:16Z,Allarme
NO004,2013-10-08T20:49:47Z,Funzioni
NO004,2013-10-08T20:50:50Z,Variaz. parametro
NO004,2013-10-08T21:15:35Z,Allarme
NO004,2013-10-09T00:16:40Z,Allarme
NO004,2013-10-09T06:19:29Z,Allarme
NO004,2013-10-09T08:04:54Z,Allarme
NO004,2013-10-09T08:52:21Z,Allarme
NO004,2013-10-09T09:56:48Z,Variaz. limite allarme
NO004,2013-10-09T10:15:56Z,Funzioni
NO004,2013-10-09T10:16:28Z,Allarme
NO004,2013-10-09T10:17:20Z,Variaz. parametro
NO004,2013-10-09T15:08:46Z,Variaz. parametro
NO004,2013-10-09T15:09:19Z,Variaz. parametro
NO004,2013-10-09T15:10:35Z,Variaz. parametro
NO004,2013-10-10T00:03:35Z,Allarme
NO004,2013-10-10T00:03:42Z,Funzioni
NO004,2013-10-10T02:25:54Z,Allarme
NO004,2013-10-10T06:04:36Z,Allarme
NO004,2013-10-10T06:20:14Z,Allarme
NO004,2013-10-10T06:51:33Z,Allarme
NO004,2013-10-10T08:05:39Z,Allarme
NO004,2013-10-10T08:43:45Z,Allarme
NO004,2013-10-10T08:58:36Z,Funzioni
NO004,2013-10-10T08:59:37Z,Variaz. parametro
NO004,2013-10-10T10:10:35Z,Allarme
NO004,2013-10-10T10:17:39Z,Allarme
NO004,2013-10-10T10:22:19Z,Allarme
NO004,2013-10-10T11:04:27Z,Allarme
NO004,2013-10-10T11:16:13Z,Variaz. parametro
NO004,2013-10-10T11:23:32Z,Allarme
NO004,2013-10-10T11:25:30Z,Allarme
NO004,2013-10-10T11:26:53Z,Allarme
NO004,2013-10-10T11:27:50Z,Allarme
NO004,2013-10-10T11:29:15Z,Funzioni
NO004,2013-10-10T11:31:47Z,Allarme
NO004,2013-10-10T15:53:49Z,Allarme
NO004,2013-10-10T15:54:48Z,Allarme
NO004,2013-10-10T15:57:00Z,Allarme
NO004,2013-10-10T16:00:00Z,Allarme
NO004,2013-10-10T16:00:54Z,Funzioni
NO004,2013-10-10T16:09:33Z,Allarme
NO004,2013-10-10T16:10:19Z,Allarme
NO004,2013-10-10T16:12:15Z,Allarme
NO004,2013-10-10T16:13:11Z,Funzioni
NO004,2013-10-10T16:14:01Z,Funzioni
NO004,2013-10-10T16:14:19Z,Variaz. parametro
NO004,2013-10-10T16:14:47Z,Allarme
NO004,2013-10-10T16:15:31Z,Funzioni
NO004,2013-10-10T16:15:37Z,Registrazione
NO004,2013-10-10T16:17:15Z,Allarme
NO004,2013-10-10T16:19:29Z,Funzioni
NO004,2013-10-10T16:22:14Z,Allarme
NO004,2013-10-10T16:23:25Z,Allarme
NO004,2013-10-10T16:24:29Z,Allarme
NO004,2013-10-10T16:25:30Z,Funzioni
NO004,2013-10-10T16:27:25Z,Allarme
NO004,2013-10-10T16:29:26Z,Allarme
NO004,2013-10-10T16:29:58Z,Allarme
NO004,2013-10-10T16:30:35Z,Allarme
NO004,2013-10-10T16:32:45Z,Allarme
NO004,2013-10-10T16:33:03Z,Funzioni
NO004,2013-10-10T16:33:57Z,Allarme
NO004,2013-10-10T16:37:28Z,Allarme
NO004,2013-10-10T16:37:54Z,Funzioni
NO004,2013-10-10T16:38:41Z,Variaz. parametro
NO004,2013-10-10T16:39:04Z,Funzioni
NO004,2013-10-10T16:42:46Z,Funzioni
NO004,2013-10-10T16:49:35Z,Funzioni
NO004,2013-10-10T16:51:03Z,Allarme
NO004,2013-10-10T16:52:01Z,Allarme
NO004,2013-10-10T18:00:47Z,Allarme
NO004,2013-10-10T18:06:56Z,Allarme
NO004,2013-10-10T18:13:39Z,Allarme
NO004,2013-10-10T18:15:46Z,Allarme
NO004,2013-10-10T18:18:28Z,Allarme
NO004,2013-10-10T18:32:09Z,Allarme
NO004,2013-10-10T18:32:22Z,Allarme
NO004,2013-10-10T18:32:48Z,Allarme
NO004,2013-10-10T18:37:17Z,Allarme
NO004,2013-10-10T18:37:37Z,Funzioni
NO004,2013-10-10T18:40:32Z,Allarme
NO004,2013-10-10T21:30:51Z,Allarme
NO004,2013-10-10T22:35:11Z,Allarme
NO004,2013-10-10T22:40:30Z,Allarme
NO004,2013-10-10T22:46:57Z,Allarme
NO004,2013-10-10T22:51:12Z,Allarme
NO004,2013-10-10T22:52:49Z,Allarme
NO004,2013-10-10T22:58:11Z,Allarme
NO004,2013-10-11T00:50:16Z,Allarme
NO004,2013-10-11T00:51:26Z,Allarme
NO004,2013-10-11T00:51:44Z,Funzioni
NO004,2013-10-11T00:54:03Z,Funzioni
NO004,2013-10-11T05:35:13Z,Allarme
NO004,2013-10-11T05:53:24Z,Allarme
NO004,2013-10-11T07:10:45Z,Allarme
NO004,2013-10-11T07:17:03Z,Allarme
NO004,2013-10-11T07:19:24Z,Allarme
NO004,2013-10-11T07:20:44Z,Funzioni
NO004,2013-10-11T07:38:20Z,Allarme
NO004,2013-10-11T09:06:49Z,Allarme
NO004,2013-10-11T09:10:03Z,Allarme
NO004,2013-10-11T09:16:58Z,Variaz. parametro
NO004,2013-10-11T09:57:29Z,Allarme
NO004,2013-10-11T10:03:56Z,Allarme
NO004,2013-10-11T10:49:50Z,Allarme
NO004,2013-10-11T10:50:04Z,Allarme
NO004,2013-10-11T10:55:10Z,Allarme
NO004,2013-10-11T11:44:17Z,Variaz. parametro
NO004,2013-10-11T11:44:17Z,Variaz. parametro
NO004,2013-10-11T11:44:17Z,Funzioni
NO004,2013-10-11T11:46:44Z,Variaz. parametro
NO004,2013-10-11T11:48:23Z,Variaz. parametro
NO004,2013-10-11T11:48:37Z,Allarme
NO004,2013-10-11T11:49:24Z,Allarme
NO004,2013-10-11T11:49:41Z,Funzioni
NO004,2013-10-11T11:50:50Z,Variaz. parametro
NO004,2013-10-11T11:50:56Z,Variaz. parametro
NO004,2013-10-11T13:00:07Z,Allarme
NO004,2013-10-11T13:02:38Z,Allarme
NO004,2013-10-11T13:03:25Z,Allarme
NO004,2013-10-11T13:03:45Z,Variaz. parametro
NO004,2013-10-11T13:03:45Z,Variaz. parametro
NO004,2013-10-11T13:03:45Z,Variaz. parametro
NO004,2013-10-11T13:03:52Z,Variaz. parametro
NO004,2013-10-11T16:07:35Z,Allarme
NO004,2013-10-11T23:36:19Z,Allarme
NO004,2013-10-11T23:36:37Z,Funzioni
NO004,2013-10-12T01:24:58Z,Variaz. parametro
NO004,2013-10-12T08:10:57Z,Funzioni
NO004,2013-10-12T08:14:16Z,Funzioni
NO004,2013-10-12T08:14:41Z,Funzioni
NO004,2013-10-12T08:14:42Z,Allarme
NO004,2013-10-12T08:37:14Z,Funzioni
NO004,2013-10-12T08:38:16Z,Variaz. parametro
NO004,2013-10-12T08:44:24Z,Variaz. parametro
NO004,2013-10-12T10:58:16Z,Variaz. parametro
NO004,2013-10-12T10:59:25Z,Allarme
NO004,2013-10-12T11:00:15Z,Variaz. parametro
NO004,2013-10-12T11:00:38Z,Variaz. parametro
NO004,2013-10-12T11:29:41Z,Allarme
NO004,2013-10-12T11:37:23Z,Funzioni
NO004,2013-10-12T11:38:08Z,Funzioni
NO004,2013-10-12T11:39:57Z,Allarme
NO004,2013-10-12T11:44:32Z,Registrazione
NO004,2013-10-12T11:59:13Z,Funzioni
NO004,2013-10-12T12:06:42Z,Allarme
NO004,2013-10-12T12:14:24Z,Variaz. parametro
NO004,2013-10-12T12:14:37Z,Funzioni
NO004,2013-10-12T12:15:38Z,Variaz. parametro
NO004,2013-10-12T12:32:27Z,Variaz. parametro
NO004,2013-10-12T16:26:06Z,Allarme
NO004,2013-10-12T16:28:08Z,Variaz. parametro
NO004,2013-10-12T16:28:08Z,Variaz. parametro
NO004,2013-10-12T16:28:08Z,Variaz. parametro
NO004,2013-10-12T16:28:31Z,Allarme
NO004,2013-10-12T16:28:55Z,Allarme
NO004,2013-10-12T16:30:41Z,Variaz. parametro
NO004,2013-10-12T16:30:54Z,Funzioni
NO004,2013-10-12T16:31:02Z,Allarme
NO004,2013-10-12T16:48:10Z,Variaz. parametro
NO004,2013-10-12T16:48:10Z,Variaz. parametro
NO004,2013-10-12T16:48:10Z,Variaz. parametro
NO004,2013-10-12T16:49:56Z,Variaz. parametro
NO004,2013-10-12T16:50:15Z,Allarme
NO004,2013-10-12T16:50:42Z,Funzioni
NO004,2013-10-12T16:50:53Z,Variaz. parametro
NO004,2013-10-12T16:51:54Z,Variaz. parametro
NO004,2013-10-12T16:53:40Z,Variaz. parametro
NO004,2013-10-12T16:58:11Z,Variaz. parametro
NO004,2013-10-12T16:58:16Z,Variaz. parametro
NO004,2013-10-12T16:58:40Z,Allarme
NO004,2013-10-12T16:59:18Z,Variaz. parametro
NO004,2013-10-12T16:59:47Z,Variaz. parametro
NO004,2013-10-12T17:00:26Z,Funzioni
NO004,2013-10-12T17:01:46Z,Allarme
NO004,2013-10-12T17:02:34Z,Funzioni
NO004,2013-10-12T17:02:59Z,Variaz. parametro
NO004,2013-10-12T17:03:04Z,Variaz. parametro
NO004,2013-10-12T17:03:57Z,Allarme
NO004,2013-10-12T17:04:54Z,Funzioni
NO004,2013-10-12T17:06:03Z,Allarme
NO004,2013-10-12T17:06:56Z,Funzioni
NO004,2013-10-12T17:07:22Z,Allarme
NO004,2013-10-12T17:08:17Z,Allarme
NO004,2013-10-12T17:09:00Z,Allarme
NO004,2013-10-12T17:09:24Z,Allarme
NO004,2013-10-12T17:10:36Z,Allarme
NO004,2013-10-12T17:11:10Z,Allarme
NO004,2013-10-12T17:12:54Z,Variaz. parametro
NO004,2013-10-12T17:13:05Z,Variaz. parametro
NO004,2013-10-12T17:16:24Z,Variaz. parametro
NO004,2013-10-12T17:16:33Z,Variaz. parametro
NO004,2013-10-12T17:16:42Z,Variaz. parametro
NO004,2013-10-12T17:16:49Z,Funzioni
NO004,2013-10-12T17:17:37Z,Funzioni
NO004,2013-10-12T17:19:27Z,Funzioni
NO004,2013-10-12T17:19:44Z,Variaz. parametro
NO004,2013-10-12T17:39:18Z,Funzioni
NO004,2013-10-12T17:40:21Z,Variaz. parametro
NO004,2013-10-12T19:15:29Z,Variaz. parametro
NO004,2013-10-12T19:27:34Z,Variaz. parametro
NO004,2013-10-12T19:27:34Z,Variaz. parametro
NO004,2013-10-12T19:27:58Z,Variaz. parametro
NO004,2013-10-12T19:28:40Z,Variaz. parametro
NO004,2013-10-12T19:28:53Z,Variaz. parametro
NO004,2013-10-12T19:31:10Z,Variaz. parametro
NO004,2013-10-12T19:31:10Z,Variaz. parametro
NO004,2013-10-12T19:33:09Z,Allarme
NO004,2013-10-12T19:33:42Z,Funzioni
NO004,2013-10-12T19:34:44Z,Variaz. parametro
NO004,2013-10-12T19:36:20Z,Variaz. parametro
NO004,2013-10-12T19:36:20Z,Variaz. parametro
NO004,2013-10-12T19:36:20Z,Variaz. limite allarme
NO004,2013-10-12T19:37:03Z,Variaz. parametro
NO004,2013-10-12T19:37:03Z,Variaz. parametro
NO004,2013-10-12T19:37:03Z,Variaz. parametro
NO004,2013-10-12T19:40:26Z,Allarme
NO004,2013-10-12T20:05:19Z,Variaz. parametro
NO004,2013-10-12T20:06:39Z,Allarme
NO004,2013-10-12T20:08:13Z,Funzioni
NO004,2013-10-12T21:11:14Z,Variaz. parametro
NO004,2013-10-12T22:26:25Z,Allarme
NO004,2013-10-12T22:36:46Z,Variaz. parametro
NO004,2013-10-12T22:36:46Z,Variaz. parametro
NO004,2013-10-12T22:36:46Z,Variaz. limite allarme
NO004,2013-10-12T22:37:58Z,Allarme
NO004,2013-10-12T22:38:28Z,Variaz. parametro
NO004,2013-10-13T01:04:33Z,Allarme
NO004,2013-10-13T01:04:43Z,Funzioni
NO004,2013-10-13T01:04:45Z,Allarme
NO004,2013-10-13T01:05:09Z,Allarme
NO004,2013-10-13T01:05:44Z,Variaz. parametro
NO004,2013-10-13T03:14:35Z,Allarme
NO004,2013-10-13T03:18:30Z,Allarme
NO004,2013-10-13T03:20:49Z,Allarme
NO004,2013-10-13T03:22:30Z,Allarme
NO004,2013-10-13T03:23:26Z,Allarme
NO004,2013-10-13T03:24:38Z,Allarme
NO004,2013-10-13T03:25:45Z,Allarme
NO004,2013-10-13T03:26:53Z,Allarme
NO004,2013-10-13T03:27:29Z,Allarme
NO004,2013-10-13T03:28:42Z,Allarme
NO004,2013-10-13T03:29:38Z,Allarme
NO004,2013-10-13T03:30:32Z,Allarme
NO004,2013-10-13T03:31:10Z,Allarme
NO004,2013-10-13T03:31:58Z,Allarme
NO004,2013-10-13T03:32:53Z,Allarme
NO004,2013-10-13T03:33:50Z,Allarme
NO004,2013-10-13T03:34:51Z,Allarme
NO004,2013-10-13T03:35:58Z,Allarme
NO004,2013-10-13T03:36:44Z,Allarme
NO004,2013-10-13T03:37:54Z,Allarme
NO004,2013-10-13T03:39:09Z,Allarme
NO004,2013-10-13T03:39:51Z,Allarme
NO004,2013-10-13T03:40:10Z,Funzioni
NO004,2013-10-13T03:40:52Z,Allarme
NO004,2013-10-13T03:40:53Z,Allarme
NO004,2013-10-13T03:41:21Z,Allarme
NO004,2013-10-13T03:41:52Z,Variaz. parametro
NO004,2013-10-13T03:42:14Z,Funzioni
NO004,2013-10-13T03:42:57Z,Allarme
NO004,2013-10-13T03:44:09Z,Allarme
NO004,2013-10-13T03:45:21Z,Allarme
NO004,2013-10-13T03:47:29Z,Variaz. parametro
NO004,2013-10-13T03:55:27Z,Variaz. parametro
NO004,2013-10-13T03:55:27Z,Variaz. parametro
NO004,2013-10-13T03:55:38Z,Variaz. parametro
NO004,2013-10-13T07:00:14Z,Variaz. parametro
NO004,2013-10-13T07:00:14Z,Variaz. parametro
NO004,2013-10-13T07:00:14Z,Variaz. parametro
NO004,2013-10-13T07:00:32Z,Variaz. parametro
NO004,2013-10-13T07:56:14Z,Funzioni
NO004,2013-10-13T07:57:17Z,Variaz. parametro
NO004,2013-10-13T08:13:15Z,Variaz. parametro
NO004,2013-10-13T09:36:17Z,Allarme
NO004,2013-10-13T11:57:55Z,Funzioni
NO004,2013-10-13T11:59:40Z,Allarme
NO004,2013-10-13T13:30:34Z,Funzioni
NO004,2013-10-13T19:28:02Z,Variaz. parametro
NO004,2013-10-13T19:31:09Z,Funzioni
NO004,2013-10-13T19:31:15Z,Funzioni
NO004,2013-10-13T20:12:10Z,Variaz. parametro
NO004,2013-10-13T20:12:14Z,Variaz. parametro
NO004,2013-10-13T21:45:29Z,Funzioni
NO004,2013-10-14T04:38:31Z,Allarme
NO004,2013-10-14T04:38:34Z,Funzioni
NO004,2013-10-14T04:39:17Z,Funzioni
NO004,2013-10-14T04:51:47Z,Allarme
NO004,2013-10-14T04:53:07Z,Variaz. parametro
NO004,2013-10-14T04:53:10Z,Variaz. parametro
NO004,2013-10-14T04:54:07Z,Variaz. parametro
NO004,2013-10-14T04:55:23Z,Variaz. parametro
NO004,2013-10-14T07:52:06Z,Allarme
NO004,2013-10-14T09:03:38Z,Allarme
NO004,2013-10-14T09:06:57Z,Allarme
NO004,2013-10-14T09:29:03Z,Allarme
NO004,2013-10-14T09:59:04Z,Variaz. parametro
NO004,2013-10-14T09:59:50Z,Variaz. parametro
NO004,2013-10-14T10:00:05Z,Funzioni
NO004,2013-10-14T10:00:22Z,Funzioni
NO004,2013-10-14T10:49:15Z,Variaz. parametro
NO004,2013-10-14T14:25:30Z,Variaz. parametro
NO004,2013-10-14T14:26:13Z,Allarme
NO004,2013-10-14T14:26:13Z,Funzioni
NO004,2013-10-14T14:29:43Z,Variaz. parametro
NO004,2013-10-14T14:30:04Z,Allarme
NO004,2013-10-14T14:30:58Z,Allarme
NO004,2013-10-14T14:32:16Z,Variaz. parametro
NO004,2013-10-14T14:32:16Z,Variaz. parametro
NO004,2013-10-14T14:32:16Z,Funzioni
NO004,2013-10-14T14:39:28Z,Funzioni
NO004,2013-10-14T14:39:29Z,Variaz. parametro
NO004,2013-10-14T14:39:29Z,Variaz. parametro
NO004,2013-10-14T14:39:29Z,Variaz. parametro
NO004,2013-10-14T14:40:02Z,Variaz. parametro
NO004,2013-10-14T14:40:10Z,Variaz. parametro
NO004,2013-10-14T14:40:10Z,Variaz. parametro
NO004,2013-10-14T14:40:10Z,Variaz. parametro
NO004,2013-10-14T14:40:13Z,Variaz. parametro
NO004,2013-10-14T14:40:18Z,Variaz. parametro
NO004,2013-10-14T14:40:48Z,Variaz. parametro
NO004,2013-10-14T14:40:48Z,Variaz. parametro
NO004,2013-10-14T14:40:48Z,Variaz. limite allarme
NO004,2013-10-14T14:40:53Z,Allarme
NO004,2013-10-14T14:40:54Z,Variaz. parametro
NO004,2013-10-14T14:40:57Z,Allarme
NO004,2013-10-14T14:41:37Z,Variaz. parametro
NO004,2013-10-14T14:41:37Z,Variaz. parametro
NO004,2013-10-14T14:41:37Z,Funzioni
NO004,2013-10-14T14:41:43Z,Variaz. parametro
NO004,2013-10-14T14:41:47Z,Variaz. parametro
NO004,2013-10-14T14:43:15Z,Variaz. parametro
NO004,2013-10-14T14:52:26Z,Variaz. parametro
NO004,2013-10-14T14:53:09Z,Funzioni
NO004,2013-10-14T14:54:12Z,Variaz. parametro
NO004,2013-10-14T15:06:22Z,Variaz. parametro
NO004,2013-10-14T15:06:22Z,Variaz. parametro
NO004,2013-10-14T15:06:22Z,Variaz. parametro
NO004,2013-10-14T15:06:25Z,Variaz. parametro
NO004,2013-10-14T22:38:46Z,Funzioni
NO004,2013-10-14T23:23:48Z,Variaz. parametro
NO004,2013-10-14T23:25:53Z,Variaz. parametro
NO004,2013-10-14T23:28:04Z,Allarme
NO004,2013-10-15T00:32:39Z,Variaz. parametro
NO004,2013-10-15T08:45:40Z,Allarme
NO004,2013-10-15T08:47:39Z,Allarme
NO004,2013-10-15T08:57:34Z,Allarme
NO004,2013-10-15T10:05:12Z,Allarme
NO004,2013-10-15T10:11:43Z,Allarme
NO004,2013-10-15T10:11:50Z,Allarme
NO004,2013-10-15T10:15:06Z,Funzioni
NO004,2013-10-15T10:16:31Z,Funzioni
NO004,2013-10-15T10:17:48Z,Allarme
NO004,2013-10-15T10:18:28Z,Allarme
NO004,2013-10-15T10:21:25Z,Allarme
NO004,2013-10-15T10:21:36Z,Variaz. parametro
NO004,2013-10-15T10:22:27Z,Allarme
NO004,2013-10-15T10:25:01Z,Funzioni
NO004,2013-10-15T10:26:47Z,Variaz. parametro
NO004,2013-10-15T10:26:50Z,Variaz. parametro
NO004,2013-10-15T10:27:45Z,Variaz. parametro
NO004,2013-10-15T10:28:06Z,Allarme
NO004,2013-10-15T10:28:29Z,Allarme
NO004,2013-10-15T10:30:14Z,Allarme
NO004,2013-10-15T10:30:51Z,Allarme
NO004,2013-10-15T10:30:54Z,Variaz. parametro
NO004,2013-10-15T10:30:56Z,Variaz. parametro
NO004,2013-10-15T10:32:44Z,Variaz. limite allarme
NO004,2013-10-15T10:36:24Z,Variaz. parametro
NO004,2013-10-15T10:56:53Z,Variaz. parametro
NO004,2013-10-15T10:56:53Z,Variaz. parametro
NO004,2013-10-15T10:56:53Z,Funzioni
NO004,2013-10-15T11:01:57Z,Funzioni
NO004,2013-10-15T11:02:53Z,Registrazione
NO004,2013-10-15T11:10:46Z,Variaz. parametro
NO004,2013-10-15T11:10:53Z,Allarme
NO004,2013-10-15T11:11:39Z,Variaz. parametro
NO004,2013-10-15T11:15:40Z,Allarme
NO004,2013-10-15T11:16:05Z,Variaz. parametro
NO004,2013-10-15T11:43:40Z,Allarme
NO004,2013-10-15T11:53:05Z,Allarme
NO004,2013-10-15T11:54:35Z,Allarme
NO004,2013-10-15T11:55:48Z,Allarme
NO004,2013-10-15T11:57:49Z,Allarme
NO004,2013-10-15T12:02:58Z,Allarme
NO004,2013-10-15T12:08:11Z,Allarme
NO004,2013-10-15T12:12:44Z,Allarme
NO004,2013-10-15T12:13:47Z,Allarme
NO004,2013-10-15T12:15:48Z,Allarme
NO004,2013-10-15T12:18:12Z,Allarme
NO004,2013-10-15T12:19:54Z,Allarme
NO004,2013-10-15T12:21:00Z,Allarme
NO004,2013-10-15T12:22:07Z,Allarme
NO004,2013-10-15T12:23:30Z,Allarme
NO004,2013-10-15T13:55:04Z,Allarme
NO004,2013-10-15T14:03:19Z,Funzioni
NO004,2013-10-15T14:08:30Z,Allarme
NO004,2013-10-15T14:08:36Z,Funzioni
NO004,2013-10-15T14:09:21Z,Funzioni
NO004,2013-10-15T14:09:22Z,Variaz. parametro
NO004,2013-10-15T14:09:22Z,Variaz. parametro
NO004,2013-10-15T14:09:24Z,Allarme
NO004,2013-10-15T14:09:56Z,Variaz. parametro
NO004,2013-10-15T14:10:05Z,Variaz. parametro
NO004,2013-10-15T14:10:05Z,Variaz. parametro
NO004,2013-10-15T14:10:05Z,Funzioni
NO004,2013-10-15T14:10:12Z,Variaz. parametro
NO004,2013-10-15T14:10:54Z,Funzioni
NO004,2013-10-15T14:11:33Z,Funzioni
NO004,2013-10-15T14:57:48Z,Variaz. parametro
NO004,2013-10-15T15:14:51Z,Allarme
NO004,2013-10-15T15:37:00Z,Variaz. limite allarme
NO004,2013-10-15T15:37:00Z,Variaz. parametro
NO004,2013-10-15T15:37:00Z,Variaz. parametro
NO004,2013-10-15T15:37:00Z,Variaz. parametro
NO004,2013-10-15T15:37:00Z,Variaz. parametro
NO004,2013-10-15T15:37:00Z,Variaz. parametro
NO004,2013-10-15T15:37:00Z,Variaz. limite allarme
NO004,2013-10-15T15:37:00Z,Variaz. limite allarme
NO004,2013-10-15T15:37:00Z,Variaz. limite allarme
NO004,2013-10-15T15:37:00Z,Funzioni
NO004,2013-10-15T15:37:03Z,Allarme
NO004,2013-10-15T16:03:39Z,Variaz. parametro
NO004,2013-10-15T16:08:06Z,Allarme
NO004,2013-10-15T16:13:19Z,Variaz. parametro
NO004,2013-10-15T16:13:22Z,Variaz. parametro
NO004,2013-10-15T16:14:29Z,Allarme
NO004,2013-10-15T16:19:15Z,Funzioni
NO004,2013-10-15T16:21:08Z,Variaz. parametro
NO004,2013-10-15T16:21:12Z,Variaz. parametro
NO004,2013-10-15T16:21:25Z,Variaz. parametro
NO004,2013-10-15T16:24:14Z,Variaz. parametro
NO004,2013-10-15T16:24:36Z,Variaz. parametro
NO004,2013-10-15T16:24:36Z,Variaz. parametro
NO004,2013-10-15T16:24:36Z,Variaz. parametro
NO004,2013-10-15T16:24:54Z,Allarme
NO004,2013-10-15T16:25:14Z,Variaz. parametro
NO004,2013-10-15T16:25:14Z,Variaz. parametro
NO004,2013-10-15T16:25:14Z,Variaz. parametro
NO004,2013-10-15T16:25:20Z,Variaz. parametro
NO004,2013-10-15T16:26:08Z,Variaz. parametro
NO004,2013-10-15T16:31:56Z,Allarme
NO004,2013-10-15T16:34:38Z,Funzioni
NO004,2013-10-15T16:52:33Z,Variaz. parametro
NO004,2013-10-15T16:52:33Z,Variaz. parametro
NO004,2013-10-15T16:52:33Z,Variaz. parametro
NO004,2013-10-15T16:52:33Z,Funzioni
NO004,2013-10-15T16:53:06Z,Variaz. parametro
NO004,2013-10-15T16:53:06Z,Variaz. parametro
NO004,2013-10-15T16:53:06Z,Variaz. parametro
NO004,2013-10-15T16:53:13Z,Variaz. parametro
NO004,2013-10-15T16:53:48Z,Variaz. parametro
NO004,2013-10-15T17:10:07Z,Variaz. parametro
NO004,2013-10-15T17:10:07Z,Variaz. parametro
NO004,2013-10-15T17:10:07Z,Variaz. parametro
NO004,2013-10-15T17:10:07Z,Funzioni
NO004,2013-10-15T17:11:00Z,Variaz. parametro
NO004,2013-10-15T17:11:00Z,Variaz. parametro
NO004,2013-10-15T17:11:00Z,Variaz. parametro
NO004,2013-10-15T17:19:39Z,Variaz. parametro
NO004,2013-10-15T17:52:55Z,Variaz. parametro
NO004,2013-10-15T17:53:01Z,Variaz. parametro
NO004,2013-10-15T18:10:56Z,Variaz. parametro
NO004,2013-10-15T18:10:56Z,Variaz. parametro
NO004,2013-10-15T18:10:56Z,Variaz. parametro
NO004,2013-10-15T18:10:59Z,Allarme
NO004,2013-10-15T18:12:14Z,Variaz. parametro
NO004,2013-10-15T18:12:14Z,Variaz. parametro
NO004,2013-10-15T18:12:14Z,Variaz. parametro
NO004,2013-10-15T18:12:18Z,Funzioni
NO004,2013-10-15T18:13:11Z,Allarme
NO004,2013-10-15T18:14:10Z,Funzioni
NO004,2013-10-15T20:15:40Z,Allarme
NO004,2013-10-15T23:29:43Z,Funzioni
NO004,2013-10-15T23:29:52Z,Allarme
NO004,2013-10-16T06:15:06Z,Allarme
NO004,2013-10-16T06:34:01Z,Allarme
NO004,2013-10-16T06:44:24Z,Variaz. parametro
NO004,2013-10-16T06:44:31Z,Variaz. parametro
NO004,2013-10-16T06:44:38Z,Funzioni
NO004,2013-10-16T06:45:02Z,Variaz. parametro
NO004,2013-10-16T06:45:07Z,Variaz. parametro
NO004,2013-10-16T06:45:18Z,Allarme
NO004,2013-10-16T06:45:26Z,Variaz. parametro
NO004,2013-10-16T06:45:29Z,Variaz. parametro
NO004,2013-10-16T06:46:08Z,Funzioni
NO004,2013-10-16T06:46:09Z,Variaz. parametro
NO004,2013-10-16T06:46:09Z,Variaz. parametro
NO004,2013-10-16T06:46:15Z,Variaz. parametro
NO004,2013-10-16T06:46:20Z,Variaz. parametro
NO004,2013-10-16T06:47:01Z,Variaz. parametro
NO004,2013-10-16T08:07:32Z,Variaz. parametro
NO004,2013-10-16T08:08:26Z,Funzioni
NO004,2013-10-16T09:02:21Z,Variaz. parametro
NO004,2013-10-16T09:02:21Z,Variaz. parametro
NO004,2013-10-16T09:02:21Z,Variaz. parametro
NO004,2013-10-16T09:31:11Z,Allarme
NO004,2013-10-16T09:32:02Z,Variaz. parametro
NO004,2013-10-16T10:26:20Z,Funzioni
NO004,2013-10-16T10:27:02Z,Allarme
NO004,2013-10-16T14:30:50Z,Funzioni
NO004,2013-10-16T14:31:16Z,Funzioni
NO004,2013-10-16T14:31:55Z,Funzioni
NO004,2013-10-16T14:32:13Z,Variaz. parametro
NO004,2013-10-16T14:32:20Z,Variaz. parametro
NO004,2013-10-16T14:40:18Z,Allarme
NO004,2013-10-16T15:07:20Z,Registrazione
NO004,2013-10-16T15:15:15Z,Funzioni
NO004,2013-10-16T15:51:31Z,Variaz. parametro
NO004,2013-10-16T15:52:30Z,Variaz. parametro
NO004,2013-10-16T16:15:14Z,Funzioni
NO004,2013-10-16T16:16:17Z,Funzioni
NO004,2013-10-16T16:17:09Z,Registrazione
NO004,2013-10-16T18:03:11Z,Variaz. parametro
NO004,2013-10-16T18:03:11Z,Variaz. parametro
NO004,2013-10-16T18:03:11Z,Variaz. parametro
NO004,2013-10-16T18:03:11Z,Funzioni
NO004,2013-10-16T18:03:40Z,Allarme
NO004,2013-10-16T18:03:48Z,Funzioni
NO004,2013-10-16T18:04:23Z,Variaz. parametro
NO004,2013-10-16T18:04:23Z,Variaz. parametro
NO004,2013-10-16T18:04:23Z,Variaz. parametro
NO004,2013-10-16T18:06:01Z,Allarme
NO004,2013-10-16T18:06:20Z,Allarme
NO004,2013-10-16T18:06:58Z,Funzioni
NO004,2013-10-16T18:25:28Z,Variaz. parametro
NO004,2013-10-16T18:25:28Z,Variaz. parametro
NO004,2013-10-16T18:25:28Z,Variaz. parametro
NO004,2013-10-16T18:25:30Z,Allarme
NO004,2013-10-16T18:26:21Z,Variaz. parametro
NO004,2013-10-16T18:26:21Z,Variaz. parametro
NO004,2013-10-16T18:26:21Z,Variaz. parametro
NO004,2013-10-16T20:42:35Z,Allarme
NO004,2013-10-16T22:16:57Z,Variaz. parametro
NO004,2013-10-16T22:16:57Z,Variaz. parametro
NO004,2013-10-16T22:16:57Z,Variaz. parametro
NO004,2013-10-16T22:16:57Z,Funzioni
NO004,2013-10-16T22:17:14Z,Variaz. parametro
NO004,2013-10-16T22:17:14Z,Variaz. parametro
NO004,2013-10-16T22:17:14Z,Variaz. parametro
NO004,2013-10-16T22:31:04Z,Variaz. parametro
NO004,2013-10-16T22:31:04Z,Variaz. parametro
NO004,2013-10-16T22:31:04Z,Variaz. limite allarme
NO004,2013-10-16T22:31:21Z,Allarme
NO004,2013-10-16T22:31:22Z,Variaz. parametro
NO004,2013-10-16T22:31:22Z,Variaz. parametro
NO004,2013-10-17T00:08:19Z,Variaz. parametro
NO004,2013-10-17T00:08:35Z,Funzioni
NO004,2013-10-17T00:08:36Z,Allarme
NO004,2013-10-17T00:09:37Z,Variaz. parametro
NO004,2013-10-17T06:06:19Z,Allarme
NO004,2013-10-17T06:06:43Z,Funzioni
NO004,2013-10-17T06:07:45Z,Variaz. parametro
NO004,2013-10-17T07:04:49Z,Variaz. parametro
NO004,2013-10-17T07:55:45Z,Allarme
NO004,2013-10-17T07:57:55Z,Allarme
NO004,2013-10-17T08:12:14Z,Allarme
NO004,2013-10-17T10:26:00Z,Allarme
NO004,2013-10-17T14:51:40Z,Allarme
NO004,2013-10-17T15:12:29Z,Allarme
NO004,2013-10-17T15:21:21Z,Allarme
NO004,2013-10-17T16:54:13Z,Allarme
NO004,2013-10-17T16:54:44Z,Allarme
NO004,2013-10-17T16:55:57Z,Allarme
NO004,2013-10-17T17:24:14Z,Allarme
NO004,2013-10-17T17:24:49Z,Allarme
NO004,2013-10-17T19:24:59Z,Allarme
NO004,2013-10-17T19:26:03Z,Variaz. parametro
NO004,2013-10-17T19:26:03Z,Variaz. parametro
NO004,2013-10-17T19:26:03Z,Funzioni
NO004,2013-10-17T19:50:25Z,Funzioni
NO004,2013-10-17T19:50:26Z,Variaz. parametro
NO004,2013-10-17T19:50:26Z,Variaz. parametro
NO004,2013-10-17T19:50:36Z,Variaz. parametro
NO004,2013-10-17T19:50:36Z,Variaz. parametro
NO004,2013-10-17T19:50:40Z,Variaz. parametro
NO004,2013-10-18T01:00:14Z,Variaz. parametro
NO004,2013-10-18T06:33:00Z,Variaz. parametro
NO004,2013-10-18T06:33:05Z,Variaz. parametro
NO004,2013-10-18T07:14:34Z,Allarme
NO004,2013-10-18T07:42:31Z,Allarme
NO004,2013-10-18T07:51:39Z,Variaz. parametro
NO004,2013-10-18T08:59:53Z,Variaz. parametro
NO004,2013-10-18T09:04:47Z,Funzioni
NO004,2013-10-18T09:11:27Z,Funzioni
NO004,2013-10-18T09:12:29Z,Variaz. parametro
NO004,2013-10-18T09:13:54Z,Funzioni
NO004,2013-10-18T09:16:12Z,Funzioni
NO004,2013-10-18T09:17:14Z,Variaz. parametro
NO004,2013-10-18T09:19:50Z,Variaz. parametro
NO004,2013-10-18T09:31:46Z,Funzioni
NO004,2013-10-18T09:41:56Z,Allarme
NO004,2013-10-18T09:42:03Z,Funzioni
NO004,2013-10-18T09:43:04Z,Variaz. parametro
NO004,2013-10-18T10:29:41Z,Variaz. parametro
NO004,2013-10-18T12:10:40Z,Variaz. parametro
NO004,2013-10-18T12:11:58Z,Variaz. parametro
NO004,2013-10-18T15:19:04Z,Variaz. parametro
NO004,2013-10-18T15:23:43Z,Allarme
NO004,2013-10-18T15:46:55Z,Allarme
NO004,2013-10-18T15:52:43Z,Allarme
NO004,2013-10-18T15:55:50Z,Variaz. parametro
NO004,2013-10-18T15:55:50Z,Variaz. parametro
NO004,2013-10-18T15:55:50Z,Variaz. parametro
NO004,2013-10-18T15:55:54Z,Variaz. parametro
NO004,2013-10-18T15:56:02Z,Variaz. parametro
NO004,2013-10-18T15:56:08Z,Variaz. parametro
NO004,2013-10-18T16:12:43Z,Allarme
NO004,2013-10-18T16:45:59Z,Variaz. parametro
NO004,2013-10-18T16:45:59Z,Variaz. parametro
NO004,2013-10-18T16:45:59Z,Variaz. parametro
NO004,2013-10-18T16:45:59Z,Variaz. parametro
NO004,2013-10-18T16:45:59Z,Variaz. parametro
NO004,2013-10-18T16:45:59Z,Variaz. parametro
NO004,2013-10-18T16:45:59Z,Variaz. limite allarme
NO004,2013-10-18T16:45:59Z,Variaz. limite allarme
NO004,2013-10-18T16:45:59Z,Variaz. limite allarme
NO004,2013-10-18T16:45:59Z,Funzioni
NO004,2013-10-18T16:46:01Z,Allarme
NO004,2013-10-18T16:46:21Z,Allarme
NO004,2013-10-18T16:46:50Z,Funzioni
NO004,2013-10-18T16:52:05Z,Funzioni
NO004,2013-10-18T16:54:12Z,Registrazione
NO004,2013-10-18T17:21:20Z,Funzioni
NO004,2013-10-18T17:21:43Z,Allarme
NO004,2013-10-18T17:24:45Z,Allarme
NO004,2013-10-18T17:28:46Z,Allarme
NO004,2013-10-18T18:11:20Z,Variaz. limite allarme
NO004,2013-10-18T18:11:21Z,Variaz. parametro
NO004,2013-10-18T18:11:21Z,Variaz. parametro
NO004,2013-10-18T18:11:22Z,Variaz. parametro
NO004,2013-10-18T18:12:14Z,Allarme
NO004,2013-10-18T18:12:30Z,Variaz. parametro
NO004,2013-10-18T18:12:30Z,Variaz. parametro
NO004,2013-10-18T18:12:30Z,Funzioni
NO004,2013-10-18T18:21:17Z,Funzioni
NO004,2013-10-18T18:27:37Z,Variaz. parametro
NO004,2013-10-18T19:43:54Z,Variaz. parametro
NO004,2013-10-18T21:52:34Z,Allarme
NO004,2013-10-18T23:07:11Z,Allarme
NO004,2013-10-18T23:25:05Z,Funzioni
NO004,2013-10-18T23:25:27Z,Funzioni
NO004,2013-10-18T23:25:34Z,Allarme
NO004,2013-10-18T23:25:37Z,Allarme
NO004,2013-10-18T23:25:59Z,Allarme
NO004,2013-10-19T00:09:35Z,Allarme
NO004,2013-10-19T00:28:19Z,Allarme
NO004,2013-10-19T00:59:01Z,Allarme
NO004,2013-10-19T02:06:10Z,Allarme
NO004,2013-10-19T03:48:20Z,Allarme
NO004,2013-10-19T04:18:35Z,Allarme
NO004,2013-10-19T04:59:02Z,Allarme
NO004,2013-10-19T05:29:43Z,Allarme
NO004,2013-10-19T05:31:00Z,Allarme
NO004,2013-10-19T05:51:27Z,Variaz. parametro
NO004,2013-10-19T05:51:30Z,Allarme
NO004,2013-10-19T05:51:54Z,Variaz. parametro
NO004,2013-10-19T05:51:59Z,Variaz. parametro
NO004,2013-10-19T05:52:06Z,Variaz. parametro
NO004,2013-10-19T05:52:37Z,Variaz. parametro
NO004,2013-10-19T06:29:49Z,Allarme
NO004,2013-10-19T06:40:01Z,Allarme
NO004,2013-10-19T06:40:13Z,Funzioni
NO004,2013-10-19T06:42:52Z,Allarme
NO004,2013-10-19T06:44:15Z,Allarme
NO004,2013-10-19T07:18:30Z,Variaz. parametro
NO004,2013-10-19T07:18:33Z,Variaz. parametro
NO004,2013-10-19T07:18:48Z,Variaz. parametro
NO004,2013-10-19T07:38:56Z,Allarme
NO004,2013-10-19T09:13:23Z,Allarme
NO004,2013-10-19T09:15:27Z,Allarme
NO004,2013-10-19T09:37:04Z,Allarme
NO004,2013-10-19T09:41:23Z,Allarme
NO004,2013-10-19T09:42:05Z,Funzioni
NO004,2013-10-19T09:45:45Z,Allarme
NO004,2013-10-19T10:10:44Z,Allarme
NO004,2013-10-19T10:13:02Z,Variaz. parametro
NO004,2013-10-19T11:50:50Z,Allarme
NO004,2013-10-19T12:38:09Z,Allarme
NO004,2013-10-19T16:04:52Z,Allarme
NO004,2013-10-19T16:11:59Z,Allarme
NO004,2013-10-19T16:12:50Z,Allarme
NO004,2013-10-19T16:18:08Z,Allarme
NO004,2013-10-19T16:21:11Z,Allarme
NO004,2013-10-19T16:23:40Z,Allarme
NO004,2013-10-19T20:34:16Z,Allarme
NO004,2013-10-19T21:14:01Z,Allarme
NO004,2013-10-19T21:24:55Z,Allarme
NO004,2013-10-19T21:26:01Z,Funzioni
NO004,2013-10-19T21:26:23Z,Allarme
NO004,2013-10-19T21:27:08Z,Allarme
NO004,2013-10-19T21:27:50Z,Allarme
NO004,2013-10-19T21:28:20Z,Allarme
NO004,2013-10-19T21:28:39Z,Funzioni
NO004,2013-10-19T21:30:18Z,Allarme
NO004,2013-10-19T21:30:58Z,Allarme
NO004,2013-10-19T21:31:23Z,Funzioni
NO004,2013-10-19T21:31:30Z,Allarme
NO004,2013-10-19T21:31:59Z,Allarme
NO004,2013-10-19T21:32:23Z,Variaz. parametro
NO004,2013-10-19T21:34:52Z,Funzioni
NO004,2013-10-19T21:35:11Z,Allarme
NO004,2013-10-19T22:26:39Z,Allarme
NO004,2013-10-19T23:29:22Z,Allarme
NO004,2013-10-20T00:19:46Z,Allarme
NO004,2013-10-20T00:37:11Z,Allarme
NO004,2013-10-20T00:44:08Z,Allarme
NO004,2013-10-20T00:45:28Z,Allarme
NO004,2013-10-20T00:47:43Z,Allarme
NO004,2013-10-20T00:57:12Z,Allarme
NO004,2013-10-20T03:01:36Z,Allarme
NO004,2013-10-20T05:58:20Z,Allarme
NO004,2013-10-20T06:10:25Z,Allarme
NO004,2013-10-20T07:37:38Z,Allarme
NO004,2013-10-20T08:36:19Z,Allarme
NO004,2013-10-20T08:38:19Z,Allarme
NO004,2013-10-20T08:56:14Z,Funzioni
NO004,2013-10-20T08:56:35Z,Allarme
NO004,2013-10-20T09:17:30Z,Allarme
NO004,2013-10-20T09:18:43Z,Allarme
NO004,2013-10-20T09:22:56Z,Allarme
NO004,2013-10-20T11:39:01Z,Registrazione
NO004,2013-10-20T13:59:46Z,Allarme
NO004,2013-10-20T14:10:37Z,Allarme
NO004,2013-10-20T15:14:21Z,Allarme
NO004,2013-10-20T17:53:08Z,Variaz. parametro
NO004,2013-10-20T17:53:08Z,Variaz. parametro
NO004,2013-10-20T17:53:08Z,Variaz. parametro
NO004,2013-10-20T17:53:09Z,Allarme
NO004,2013-10-20T17:53:30Z,Allarme
NO004,2013-10-20T17:53:42Z,Variaz. parametro
NO004,2013-10-20T17:53:42Z,Variaz. parametro
NO004,2013-10-20T17:53:42Z,Variaz. parametro
NO004,2013-10-20T17:53:54Z,Allarme
NO004,2013-10-20T20:19:49Z,Allarme
NO004,2013-10-20T21:06:38Z,Allarme
NO004,2013-10-20T22:45:06Z,Allarme
NO004,2013-10-21T00:26:45Z,Allarme
NO004,2013-10-21T00:27:05Z,Allarme
NO004,2013-10-21T00:29:32Z,Allarme
NO004,2013-10-21T01:50:34Z,Allarme
NO004,2013-10-21T02:21:22Z,Allarme
NO004,2013-10-21T02:53:11Z,Allarme
NO004,2013-10-21T03:03:18Z,Allarme
NO004,2013-10-21T03:17:45Z,Allarme
NO004,2013-10-21T04:23:07Z,Allarme
NO004,2013-10-21T05:42:19Z,Allarme
NO004,2013-10-21T05:54:21Z,Allarme
NO004,2013-10-21T06:14:35Z,Allarme
NO004,2013-10-21T06:17:09Z,Allarme
NO004,2013-10-21T06:25:32Z,Allarme
NO004,2013-10-21T07:49:32Z,Allarme
NO004,2013-10-21T08:08:33Z,Allarme
NO004,2013-10-21T08:24:54Z,Allarme
NO004,2013-10-21T08:46:53Z,Allarme
NO004,2013-10-21T08:48:12Z,Allarme
NO004,2013-10-21T09:04:21Z,Allarme
NO004,2013-10-21T09:15:54Z,Allarme
NO004,2013-10-21T09:53:02Z,Variaz. parametro
NO004,2013-10-21T09:53:02Z,Variaz. parametro
NO004,2013-10-21T09:53:02Z,Variaz. limite allarme
NO004,2013-10-21T10:49:48Z,Variaz. parametro
NO004,2013-10-21T10:49:55Z,Variaz. parametro
NO004,2013-10-21T10:51:24Z,Variaz. parametro
NO004,2013-10-21T15:36:02Z,Funzioni
NO004,2013-10-21T15:36:03Z,Allarme
NO004,2013-10-21T15:37:02Z,Variaz. parametro
NO004,2013-10-21T17:20:25Z,Variaz. parametro
NO004,2013-10-21T17:21:33Z,Variaz. parametro
NO004,2013-10-21T17:31:37Z,Variaz. parametro
NO004,2013-10-21T17:32:19Z,Variaz. parametro
NO004,2013-10-21T17:55:43Z,Variaz. parametro
NO004,2013-10-21T20:46:17Z,Allarme
NO004,2013-10-21T20:49:25Z,Funzioni
NO004,2013-10-21T20:50:37Z,Variaz. parametro
NO004,2013-10-21T22:06:14Z,Variaz. parametro
NO004,2013-10-22T00:07:14Z,Variaz. parametro
NO004,2013-10-22T02:05:05Z,Variaz. parametro
NO004,2013-10-22T03:35:47Z,Variaz. parametro
NO004,2013-10-22T06:47:42Z,Variaz. parametro
NO004,2013-10-22T06:55:37Z,Allarme
NO004,2013-10-22T06:55:45Z,Allarme
NO004,2013-10-22T06:55:51Z,Variaz. parametro
NO004,2013-10-22T06:59:52Z,Funzioni
NO004,2013-10-22T07:00:08Z,Allarme
NO004,2013-10-22T07:05:28Z,Variaz. parametro
NO004,2013-10-22T07:05:48Z,Variaz. parametro
NO004,2013-10-22T07:05:51Z,Variaz. parametro
NO004,2013-10-22T07:25:56Z,Variaz. parametro
NO004,2013-10-22T07:34:03Z,Variaz. parametro
NO004,2013-10-22T07:56:33Z,Variaz. parametro
NO004,2013-10-22T07:57:28Z,Allarme
NO004,2013-10-22T07:58:52Z,Allarme
NO004,2013-10-22T07:59:16Z,Variaz. parametro
NO004,2013-10-22T07:59:16Z,Variaz. parametro
NO004,2013-10-22T07:59:16Z,Variaz. parametro
NO004,2013-10-22T07:59:16Z,Variaz. parametro
NO004,2013-10-22T07:59:16Z,Variaz. parametro
NO004,2013-10-22T07:59:16Z,Variaz. parametro
NO004,2013-10-22T07:59:16Z,Variaz. limite allarme
NO004,2013-10-22T07:59:16Z,Variaz. limite allarme
NO004,2013-10-22T07:59:16Z,Variaz. limite allarme
NO004,2013-10-22T07:59:16Z,Funzioni
NO004,2013-10-22T07:59:19Z,Allarme
NO004,2013-10-22T08:25:36Z,Allarme
NO004,2013-10-22T08:33:07Z,Variaz. parametro
NO004,2013-10-22T08:43:27Z,Funzioni
NO004,2013-10-22T11:14:47Z,Variaz. parametro
NO004,2013-10-22T11:15:05Z,Allarme
NO004,2013-10-22T11:15:06Z,Allarme
NO004,2013-10-22T11:33:49Z,Funzioni
NO004,2013-10-22T15:07:49Z,Allarme
NO004,2013-10-22T20:22:38Z,Allarme
NO004,2013-10-22T20:33:42Z,Funzioni
NO004,2013-10-22T21:19:02Z,Variaz. parametro
NO004,2013-10-23T00:54:40Z,Funzioni
NO004,2013-10-23T00:55:05Z,Allarme
NO004,2013-10-23T07:48:45Z,Allarme
NO004,2013-10-23T09:14:45Z,Variaz. parametro
NO004,2013-10-23T09:14:52Z,Variaz. parametro
NO004,2013-10-23T09:16:35Z,Variaz. parametro
NO004,2013-10-23T09:16:48Z,Variaz. parametro
NO004,2013-10-23T09:16:53Z,Variaz. parametro
NO004,2013-10-23T09:16:55Z,Variaz. parametro
NO004,2013-10-23T09:19:15Z,Allarme
NO004,2013-10-23T10:17:15Z,Variaz. parametro
NO004,2013-10-23T15:49:37Z,Allarme
NO004,2013-10-23T16:09:37Z,Funzioni
NO004,2013-10-23T16:16:08Z,Funzioni
NO004,2013-10-23T16:17:08Z,Variaz. parametro
NO004,2013-10-23T16:28:28Z,Variaz. parametro
NO004,2013-10-23T16:30:17Z,Allarme
NO004,2013-10-23T16:30:40Z,Allarme
NO004,2013-10-23T16:33:01Z,Variaz. parametro
NO004,2013-10-23T16:45:52Z,Variaz. parametro
NO004,2013-10-23T16:45:52Z,Variaz. parametro
NO004,2013-10-23T16:45:52Z,Funzioni
NO004,2013-10-23T16:46:14Z,Variaz. parametro
NO004,2013-10-23T16:46:20Z,Variaz. parametro
NO004,2013-10-23T16:47:12Z,Variaz. parametro
NO004,2013-10-23T16:47:35Z,Variaz. parametro
NO004,2013-10-23T16:48:31Z,Variaz. parametro
NO004,2013-10-23T17:12:52Z,Variaz. parametro
NO004,2013-10-23T17:21:56Z,Variaz. parametro
NO004,2013-10-23T17:21:59Z,Funzioni
NO004,2013-10-23T17:22:33Z,Variaz. parametro
NO004,2013-10-23T18:37:43Z,Variaz. limite allarme
NO004,2013-10-23T18:37:44Z,Variaz. parametro
NO004,2013-10-23T18:37:44Z,Variaz. parametro
NO004,2013-10-23T21:12:34Z,Funzioni
NO004,2013-10-23T21:13:36Z,Variaz. parametro
NO004,2013-10-23T23:55:57Z,Funzioni
NO004,2013-10-23T23:57:06Z,Variaz. parametro
NO004,2013-10-24T06:19:56Z,Variaz. parametro
NO004,2013-10-24T06:20:26Z,Funzioni
NO004,2013-10-24T06:37:29Z,Variaz. parametro
NO004,2013-10-24T06:38:21Z,Allarme
NO004,2013-10-24T06:38:28Z,Variaz. parametro
NO004,2013-10-24T06:38:46Z,Allarme
NO004,2013-10-24T06:40:22Z,Variaz. parametro
NO004,2013-10-24T07:57:21Z,Funzioni
NO004,2013-10-24T08:01:20Z,Variaz. parametro
NO004,2013-10-24T09:28:00Z,Allarme
NO004,2013-10-24T09:29:00Z,Funzioni
NO004,2013-10-24T09:29:05Z,Allarme
NO004,2013-10-24T09:30:01Z,Variaz. parametro
NO004,2013-10-24T15:38:39Z,Variaz. parametro
NO004,2013-10-24T15:44:58Z,Variaz. parametro
NO004,2013-10-24T17:44:35Z,Variaz. parametro
NO004,2013-10-24T17:46:41Z,Funzioni
NO004,2013-10-24T18:26:52Z,Variaz. parametro
NO004,2013-10-25T00:10:13Z,Funzioni
NO004,2013-10-25T00:16:51Z,Variaz. parametro
NO004,2013-10-25T01:20:09Z,Variaz. parametro
NO004,2013-10-25T07:53:50Z,Variaz. parametro
NO004,2013-10-25T08:48:16Z,Allarme
NO004,2013-10-25T16:09:15Z,Funzioni
NO004,2013-10-25T16:10:18Z,Variaz. parametro
NO004,2013-10-25T23:45:42Z,Allarme
NO004,2013-10-26T08:14:05Z,Allarme
NO004,2013-10-26T08:48:02Z,Variaz. parametro
NO004,2013-10-26T08:53:13Z,Allarme
NO004,2013-10-26T09:26:55Z,Allarme
NO004,2013-10-26T09:30:09Z,Allarme
NO004,2013-10-26T09:31:13Z,Allarme
NO004,2013-10-26T09:33:41Z,Allarme
NO004,2013-10-26T09:42:48Z,Allarme
NO004,2013-10-26T09:47:11Z,Allarme
NO004,2013-10-26T09:54:49Z,Allarme
NO004,2013-10-26T16:02:02Z,Variaz. parametro
NO004,2013-10-26T16:24:41Z,Variaz. parametro
NO004,2013-10-26T16:25:13Z,Funzioni
NO004,2013-10-27T09:55:30Z,Allarme
NO004,2013-10-27T11:26:13Z,Allarme
NO004,2013-10-27T11:26:33Z,Variaz. parametro
NO004,2013-10-27T12:50:51Z,Allarme
NO004,2013-10-27T12:51:13Z,Allarme
NO004,2013-10-27T12:51:18Z,Allarme
NO004,2013-10-27T12:51:24Z,Allarme
NO004,2013-10-27T12:52:35Z,Allarme
NO004,2013-10-27T12:52:57Z,Funzioni
NO004,2013-10-27T12:53:20Z,Allarme
NO004,2013-10-27T12:53:56Z,Allarme
NO004,2013-10-27T16:54:49Z,Allarme
NO004,2013-10-27T16:55:26Z,Funzioni
NO004,2013-10-27T17:23:00Z,Allarme
NO004,2013-10-27T17:24:31Z,Funzioni
NO004,2013-10-27T17:24:52Z,Allarme
NO004,2013-10-27T17:25:51Z,Variaz. parametro
NO004,2013-10-27T21:43:08Z,Funzioni
NO004,2013-10-27T21:44:19Z,Variaz. parametro
NO004,2013-10-28T08:46:41Z,Allarme
NO004,2013-10-28T08:46:46Z,Funzioni
NO004,2013-10-28T08:47:58Z,Variaz. parametro
NO004,2013-10-28T09:17:28Z,Funzioni
NO004,2013-10-28T09:18:30Z,Variaz. parametro
NO004,2013-10-28T11:30:26Z,Variaz. parametro
NO004,2013-10-28T11:47:00Z,Variaz. parametro
TS012,2014-05-28T19:17:59Z,Variaz. limite allarme
TS012,2014-05-28T19:17:59Z,Variaz. parametro
TS012,2014-05-28T19:17:59Z,Variaz. parametro
TS012,2014-05-28T19:17:59Z,Variaz. parametro
TS012,2014-05-28T19:17:59Z,Variaz. parametro
TS012,2014-05-28T19:17:59Z,Variaz. parametro
TS012,2014-05-28T19:17:59Z,Variaz. parametro
TS012,2014-05-28T19:17:59Z,Variaz. limite allarme
TS012,2014-05-28T19:17:59Z,Variaz. limite allarme
TS012,2014-05-28T19:17:59Z,Variaz. limite allarme
TS012,2014-05-28T19:17:59Z,Variaz. limite allarme
TS012,2014-05-28T19:18:01Z,Allarme
TS012,2014-05-28T19:18:05Z,Allarme
TS012,2014-05-28T19:18:08Z,Allarme
TS012,2014-05-28T19:18:11Z,Variaz. parametro
TS012,2014-05-28T19:18:15Z,Variaz. parametro
TS012,2014-05-28T19:18:28Z,Allarme
TS012,2014-05-28T19:18:44Z,Allarme
TS012,2014-05-28T19:18:53Z,Funzioni
TS012,2014-05-28T19:21:09Z,Variaz. parametro
TS012,2014-05-28T19:21:09Z,Variaz. parametro
TS012,2014-05-28T19:21:09Z,Variaz. parametro
TS012,2014-05-28T19:21:09Z,Variaz. parametro
TS012,2014-05-28T19:21:09Z,Variaz. parametro
TS012,2014-05-28T19:21:09Z,Variaz. parametro
TS012,2014-05-28T19:21:09Z,Variaz. parametro
TS012,2014-05-28T19:21:09Z,Variaz. limite allarme
TS012,2014-05-28T19:21:09Z,Variaz. limite allarme
TS012,2014-05-28T19:21:09Z,Variaz. limite allarme
TS012,2014-05-28T19:21:09Z,Funzioni
TS012,2014-05-28T19:21:11Z,Allarme
TS012,2014-05-28T19:21:19Z,Allarme
TS012,2014-05-28T19:21:48Z,Variaz. parametro
TS012,2014-05-28T20:45:52Z,Allarme
TS012,2014-05-28T21:05:27Z,Allarme
TS012,2014-05-28T21:06:00Z,Allarme
TS012,2014-05-28T21:06:55Z,Allarme
TS012,2014-05-28T21:07:13Z,Funzioni
TS012,2014-05-28T23:36:52Z,Variaz. parametro
TS012,2014-05-29T01:08:55Z,Variaz. parametro
TS012,2014-05-29T01:09:25Z,Variaz. limite allarme
TS012,2014-05-29T01:10:31Z,Variaz. parametro
TS012,2014-05-29T01:11:19Z,Variaz. parametro
TS012,2014-05-29T01:12:18Z,Variaz. parametro
TS012,2014-05-29T01:15:34Z,Variaz. parametro
TS012,2014-05-29T01:15:40Z,Variaz. parametro
TS012,2014-05-29T01:15:46Z,Variaz. parametro
TS012,2014-05-29T01:15:56Z,Variaz. parametro
TS012,2014-05-29T01:16:10Z,Variaz. parametro
TS012,2014-05-29T01:27:02Z,Variaz. parametro
TS012,2014-05-29T01:36:29Z,Variaz. parametro
TS012,2014-05-29T03:52:00Z,Allarme
TS012,2014-05-29T04:47:29Z,Allarme
TS012,2014-05-29T06:13:24Z,Allarme
TS012,2014-05-29T08:25:59Z,Allarme
TS012,2014-05-29T09:05:05Z,Allarme
TS012,2014-05-29T09:13:36Z,Variaz. parametro
TS012,2014-05-29T09:13:36Z,Variaz. parametro
TS012,2014-05-29T09:14:43Z,Variaz. parametro
TS012,2014-05-29T09:16:24Z,Variaz. parametro
TS012,2014-05-29T09:54:37Z,Variaz. parametro
TS012,2014-05-29T10:21:32Z,Funzioni
TS012,2014-05-29T10:22:26Z,Allarme
TS012,2014-05-31T14:59:24Z,Variaz. parametro
TS012,2014-05-31T14:59:24Z,Variaz. parametro
TS012,2014-05-31T14:59:24Z,Variaz. parametro
TS012,2014-05-31T14:59:24Z,Variaz. parametro
TS012,2014-05-31T14:59:24Z,Variaz. parametro
TS012,2014-05-31T14:59:24Z,Variaz. parametro
TS012,2014-05-31T14:59:24Z,Variaz. limite allarme
TS012,2014-05-31T14:59:24Z,Variaz. limite allarme
TS012,2014-05-31T14:59:24Z,Variaz. limite allarme
TS012,2014-05-31T14:59:24Z,Variaz. limite allarme
TS012,2014-05-31T14:59:24Z,Funzioni
TS012,2014-05-31T15:00:07Z,Variaz. parametro
TS012,2014-05-31T15:00:07Z,Variaz. parametro
TS012,2014-05-31T15:00:07Z,Variaz. parametro
TS012,2014-05-31T15:00:10Z,Allarme
TS012,2014-05-31T15:06:04Z,Variaz. parametro
TS012,2014-05-31T15:13:29Z,Variaz. parametro
TS012,2014-05-31T15:18:45Z,Allarme
TS012,2014-05-31T15:18:58Z,Allarme
TS012,2014-05-31T15:19:08Z,Funzioni
TS012,2014-05-31T15:20:22Z,Allarme
TS012,2014-05-31T15:20:43Z,Allarme
TS012,2014-05-31T15:20:56Z,Allarme
TS012,2014-05-31T15:21:15Z,Allarme
TS012,2014-05-31T15:21:33Z,Allarme
TS012,2014-05-31T15:22:43Z,Allarme
TS012,2014-05-31T15:23:05Z,Allarme
TS012,2014-05-31T15:23:18Z,Allarme
TS012,2014-05-31T15:23:44Z,Allarme
TS012,2014-05-31T15:24:10Z,Allarme
TS012,2014-05-31T15:24:36Z,Allarme
TS012,2014-05-31T15:25:08Z,Allarme
TS012,2014-05-31T15:51:20Z,Variaz. parametro
TS012,2014-05-31T16:14:08Z,Allarme
TS012,2014-05-31T16:14:23Z,Variaz. parametro
TS012,2014-05-31T16:14:23Z,Variaz. parametro
TS012,2014-05-31T16:14:27Z,Variaz. parametro
TS012,2014-05-31T17:38:51Z,Variaz. limite allarme
TS012,2014-05-31T17:38:51Z,Variaz. parametro
TS012,2014-05-31T17:38:51Z,Variaz. parametro
TS012,2014-05-31T17:38:51Z,Variaz. parametro
TS012,2014-05-31T17:38:51Z,Variaz. parametro
TS012,2014-05-31T17:38:51Z,Variaz. parametro
TS012,2014-05-31T17:38:51Z,Variaz. parametro
TS012,2014-05-31T17:38:51Z,Variaz. limite allarme
TS012,2014-05-31T17:38:51Z,Variaz. limite allarme
TS012,2014-05-31T17:38:51Z,Variaz. limite allarme
TS012,2014-05-31T17:38:51Z,Funzioni
TS012,2014-05-31T17:38:54Z,Allarme
TS012,2014-05-31T17:39:32Z,Allarme
TS012,2014-05-31T17:40:17Z,Variaz. parametro
TS012,2014-05-31T17:42:18Z,Allarme
TS012,2014-05-31T17:47:10Z,Allarme
TS012,2014-05-31T17:48:22Z,Variaz. parametro
TS012,2014-05-31T17:50:40Z,Allarme
TS012,2014-05-31T17:51:22Z,Funzioni
TS012,2014-05-31T17:51:28Z,Variaz. parametro
TS012,2014-05-31T17:52:17Z,Allarme
TS012,2014-05-31T17:53:45Z,Allarme
TS012,2014-05-31T17:57:00Z,Variaz. limite allarme
TS012,2014-05-31T17:57:45Z,Variaz. parametro
TS012,2014-05-31T18:01:09Z,Allarme
TS012,2014-05-31T18:01:39Z,Allarme
TS012,2014-05-31T18:02:59Z,Allarme
TS012,2014-05-31T18:05:37Z,Allarme
TS012,2014-05-31T18:07:01Z,Allarme
TS012,2014-05-31T18:15:21Z,Allarme
TS012,2014-05-31T18:53:27Z,Funzioni
TS012,2014-06-03T16:07:30Z,Allarme
TS012,2014-06-03T16:08:11Z,Modalita' del sistema modificata
TS012,2014-06-04T23:55:19Z,Variaz. parametro
TS012,2014-06-04T23:55:19Z,Variaz. parametro
TS012,2014-06-04T23:55:19Z,Variaz. parametro
TS012,2014-06-04T23:55:19Z,Variaz. parametro
TS012,2014-06-04T23:55:19Z,Variaz. parametro
TS012,2014-06-04T23:55:19Z,Variaz. parametro
TS012,2014-06-04T23:55:19Z,Variaz. parametro
TS012,2014-06-04T23:55:19Z,Variaz. limite allarme
TS012,2014-06-04T23:55:19Z,Variaz. limite allarme
TS012,2014-06-04T23:55:19Z,Variaz. limite allarme
TS012,2014-06-04T23:55:19Z,Funzioni
TS012,2014-06-04T23:55:23Z,Allarme
TS012,2014-06-05T00:01:13Z,Allarme
TS012,2014-06-05T00:25:28Z,Variaz. parametro
TS012,2014-06-05T00:42:28Z,Allarme
TS012,2014-06-05T00:42:44Z,Allarme
TS012,2014-06-05T00:43:01Z,Allarme
TS012,2014-06-05T00:43:17Z,Allarme
TS012,2014-06-05T00:43:33Z,Allarme
TS012,2014-06-05T00:43:49Z,Allarme
TS012,2014-06-05T00:44:12Z,Allarme
TS012,2014-06-05T00:44:33Z,Allarme
TS012,2014-06-05T00:45:06Z,Allarme
TS012,2014-06-05T00:45:33Z,Allarme
TS012,2014-06-05T00:45:58Z,Allarme
TS012,2014-06-05T00:46:09Z,Allarme
TS012,2014-06-05T00:46:25Z,Allarme
TS012,2014-06-05T00:46:41Z,Allarme
TS012,2014-06-05T00:46:57Z,Allarme
TS012,2014-06-05T00:47:14Z,Allarme
TS012,2014-06-05T00:47:30Z,Allarme
TS012,2014-06-05T00:47:54Z,Allarme
TS012,2014-06-05T00:48:20Z,Allarme
TS012,2014-06-05T00:49:29Z,Allarme
TS012,2014-06-05T00:50:02Z,Allarme
TS012,2014-06-05T00:50:24Z,Allarme
TS012,2014-06-05T00:50:33Z,Variaz. parametro
TS012,2014-06-05T00:50:33Z,Variaz. parametro
TS012,2014-06-05T00:50:33Z,Variaz. limite allarme
TS012,2014-06-05T00:50:38Z,Variaz. parametro
TS012,2014-06-05T00:51:15Z,Funzioni
TS012,2014-06-05T00:52:05Z,Variaz. parametro
TS012,2014-06-05T00:52:21Z,Allarme
TS012,2014-06-05T00:53:22Z,Variaz. parametro
TS012,2014-06-05T01:38:40Z,Allarme
TS012,2014-06-05T01:45:02Z,Variaz. parametro
TS012,2014-06-05T01:45:02Z,Variaz. parametro
TS012,2014-06-05T01:45:02Z,Variaz. parametro
TS012,2014-06-05T01:45:07Z,Variaz. parametro
TS012,2014-06-05T01:45:55Z,Variaz. parametro
TS012,2014-06-05T01:46:01Z,Funzioni
TS012,2014-06-05T01:46:23Z,Variaz. parametro
TS012,2014-06-05T01:46:23Z,Variaz. parametro
TS012,2014-06-05T01:46:23Z,Variaz. parametro
TS012,2014-06-05T01:46:26Z,Variaz. parametro
TS012,2014-06-05T01:48:28Z,Variaz. parametro
TS012,2014-06-05T01:48:30Z,Variaz. parametro
TS012,2014-06-05T01:48:49Z,Variaz. parametro
TS012,2014-06-05T01:48:53Z,Variaz. parametro
TS012,2014-06-05T02:11:54Z,Variaz. parametro
TS012,2014-06-05T02:12:21Z,Allarme
TS012,2014-06-05T02:12:57Z,Funzioni
TS012,2014-06-05T02:13:08Z,Allarme
TS012,2014-06-05T02:16:29Z,Variaz. parametro
TS012,2014-06-05T02:16:29Z,Variaz. parametro
TS012,2014-06-05T02:16:32Z,Variaz. parametro
TS012,2014-06-05T02:17:58Z,Allarme
TS012,2014-06-05T02:21:25Z,Variaz. parametro
TS012,2014-06-05T02:21:52Z,Funzioni
TS012,2014-06-05T02:23:30Z,Variaz. limite allarme
TS012,2014-06-05T02:23:31Z,Variaz. parametro
TS012,2014-06-05T02:23:31Z,Variaz. parametro
TS012,2014-06-05T02:24:02Z,Allarme
TS012,2014-06-05T02:24:33Z,Allarme
TS012,2014-06-05T02:24:36Z,Variaz. parametro
TS012,2014-06-05T02:24:40Z,Variaz. parametro
TS012,2014-06-05T02:25:13Z,Allarme
TS012,2014-06-05T02:26:12Z,Allarme
TS012,2014-06-05T02:26:51Z,Allarme
TS012,2014-06-05T02:28:14Z,Variaz. parametro
TS012,2014-06-05T06:04:10Z,Allarme
TS012,2014-06-05T06:04:30Z,Variaz. parametro
TS012,2014-06-05T06:05:20Z,Funzioni
TS012,2014-06-05T06:05:22Z,Allarme
TS012,2014-06-05T08:45:00Z,Funzioni
TS012,2014-06-05T08:45:38Z,Funzioni
TS012,2014-06-05T08:55:45Z,Allarme
TS012,2014-06-05T09:10:09Z,Variaz. parametro
TS012,2014-06-05T09:10:09Z,Variaz. parametro
TS012,2014-06-05T09:10:09Z,Variaz. parametro
TS012,2014-06-05T09:10:09Z,Variaz. limite allarme
TS012,2014-06-05T09:10:41Z,Funzioni
TS012,2014-06-05T09:12:25Z,Variaz. parametro
TS012,2014-06-05T09:12:25Z,Variaz. parametro
TS012,2014-06-05T09:12:25Z,Variaz. parametro
TS012,2014-06-05T09:12:25Z,Funzioni
TS012,2014-06-05T09:24:18Z,Allarme
TS012,2014-06-05T09:25:54Z,Variaz. parametro
TS012,2014-06-05T09:25:54Z,Variaz. parametro
TS012,2014-06-05T09:25:54Z,Funzioni
TS012,2014-06-05T09:29:36Z,Variaz. parametro
TS012,2014-06-05T10:48:04Z,Variaz. parametro
TS012,2014-06-05T10:48:41Z,Variaz. parametro
TS012,2014-06-05T11:09:55Z,Variaz. parametro
TS012,2014-06-05T11:10:30Z,Variaz. parametro
TS012,2014-06-05T11:11:31Z,Variaz. parametro
TS012,2014-06-05T12:55:10Z,Variaz. parametro
TS012,2014-06-05T12:55:48Z,Funzioni
TS012,2014-06-05T14:23:50Z,Allarme
TS012,2014-06-05T16:58:57Z,Variaz. parametro
TS012,2014-06-05T17:50:52Z,Allarme
TS012,2014-06-05T18:49:15Z,Variaz. parametro
TS012,2014-06-05T20:35:04Z,Variaz. parametro
TS012,2014-06-05T22:27:50Z,Variaz. parametro
TS012,2014-06-05T22:28:52Z,Funzioni
TS012,2014-06-06T04:18:04Z,Variaz. parametro
TS012,2014-06-06T04:18:56Z,Funzioni
TS012,2014-06-06T09:36:32Z,Variaz. parametro
TS012,2014-06-06T09:48:07Z,Variaz. parametro
TS012,2014-06-06T11:54:23Z,Allarme
TS012,2014-06-06T13:42:54Z,Variaz. parametro
TS012,2014-06-06T13:49:30Z,Variaz. parametro
TS012,2014-06-06T13:49:35Z,Variaz. parametro
TS012,2014-06-06T18:12:50Z,Allarme
TS012,2014-06-06T21:33:07Z,Allarme
TS012,2014-06-07T06:01:37Z,Funzioni
TS012,2014-06-07T06:02:15Z,Funzioni
TS012,2014-06-07T09:31:07Z,Allarme
TS012,2014-06-07T12:05:47Z,Allarme
TS012,2014-06-07T12:05:50Z,Variaz. parametro
TS012,2014-06-07T12:06:38Z,Funzioni
TS012,2014-06-07T12:06:49Z,Variaz. parametro
TS012,2014-06-07T12:06:49Z,Variaz. parametro
TS012,2014-06-07T12:06:49Z,Variaz. parametro
TS012,2014-06-07T12:06:49Z,Variaz. parametro
TS012,2014-06-07T12:06:49Z,Variaz. parametro
TS012,2014-06-07T12:06:49Z,Variaz. parametro
TS012,2014-06-07T12:06:49Z,Variaz. limite allarme
TS012,2014-06-07T12:06:49Z,Variaz. limite allarme
TS012,2014-06-07T12:06:49Z,Variaz. limite allarme
TS012,2014-06-07T12:06:49Z,Variaz. limite allarme
TS012,2014-06-07T12:06:51Z,Allarme
TS015,2014-09-24T19:09:28Z,Funzioni
TS015,2014-09-27T00:13:25Z,Variaz. parametro
TS015,2014-09-27T00:13:25Z,Variaz. parametro
TS015,2014-09-27T00:13:25Z,Variaz. parametro
TS015,2014-09-27T00:13:25Z,Variaz. parametro
TS015,2014-09-27T00:13:25Z,Variaz. parametro
TS015,2014-09-27T00:13:25Z,Variaz. parametro
TS015,2014-09-27T00:13:25Z,Variaz. limite allarme
TS015,2014-09-27T00:13:25Z,Variaz. limite allarme
TS015,2014-09-27T00:13:25Z,Variaz. limite allarme
TS015,2014-09-27T00:13:25Z,Variaz. limite allarme
TS015,2014-09-27T00:13:25Z,Funzioni
TS015,2014-09-27T00:13:39Z,Variaz. parametro
TS015,2014-09-27T00:14:05Z,Funzioni
TS015,2014-09-27T00:14:49Z,Allarme
TS015,2014-09-27T00:16:34Z,Funzioni
TS015,2014-09-27T00:17:23Z,Variaz. parametro
TS015,2014-09-27T00:17:23Z,Variaz. parametro
TS015,2014-09-27T00:17:23Z,Variaz. parametro
TS015,2014-09-27T00:17:23Z,Variaz. parametro
TS015,2014-09-27T00:17:23Z,Variaz. parametro
TS015,2014-09-27T00:17:23Z,Variaz. parametro
TS015,2014-09-27T00:17:23Z,Variaz. limite allarme
TS015,2014-09-27T00:17:23Z,Variaz. limite allarme
TS015,2014-09-27T00:17:23Z,Variaz. limite allarme
TS015,2014-09-27T00:17:23Z,Variaz. limite allarme
TS015,2014-09-27T00:17:23Z,Funzioni
TS015,2014-09-27T00:18:17Z,Variaz. limite allarme
TS015,2014-09-27T00:18:17Z,Variaz. parametro
TS015,2014-09-27T00:18:17Z,Variaz. parametro
TS015,2014-09-27T00:18:17Z,Variaz. parametro
TS015,2014-09-27T00:18:17Z,Variaz. parametro
TS015,2014-09-27T00:18:17Z,Variaz. parametro
TS015,2014-09-27T00:18:17Z,Variaz. parametro
TS015,2014-09-27T00:18:17Z,Variaz. limite allarme
TS015,2014-09-27T00:18:17Z,Variaz. limite allarme
TS015,2014-09-27T00:18:17Z,Variaz. limite allarme
TS015,2014-09-27T00:18:17Z,Variaz. limite allarme
TS015,2014-09-27T00:18:19Z,Allarme
TS015,2014-09-27T00:18:59Z,Allarme
TS015,2014-09-27T00:19:08Z,Variaz. parametro
TS015,2014-09-27T00:19:21Z,Variaz. parametro
TS015,2014-09-27T00:19:21Z,Variaz. parametro
TS015,2014-09-27T00:19:21Z,Funzioni
TS015,2014-09-27T00:19:36Z,Variaz. parametro
TS015,2014-09-27T00:19:41Z,Variaz. parametro
TS015,2014-09-27T00:22:13Z,Variaz. parametro
TS015,2014-09-27T00:23:10Z,Variaz. parametro
TS015,2014-09-27T00:24:39Z,Variaz. parametro
TS015,2014-09-27T00:24:56Z,Funzioni
TS015,2014-09-27T00:25:26Z,Variaz. parametro
TS015,2014-09-27T00:25:36Z,Funzioni
TS015,2014-09-27T00:26:43Z,Variaz. parametro
TS015,2014-09-27T00:26:49Z,Variaz. parametro
TS015,2014-09-27T00:38:38Z,Variaz. parametro
TS015,2014-09-27T00:39:34Z,Funzioni
TS015,2014-09-27T00:42:03Z,Allarme
TS015,2014-09-27T00:46:31Z,Allarme
TS015,2014-09-27T00:47:14Z,Funzioni
TS015,2014-09-27T00:50:56Z,Variaz. parametro
TS015,2014-09-27T00:50:56Z,Variaz. parametro
TS015,2014-09-27T00:50:56Z,Variaz. parametro
TS015,2014-09-27T00:50:56Z,Variaz. parametro
TS015,2014-09-27T00:50:56Z,Variaz. parametro
TS015,2014-09-27T00:50:56Z,Variaz. parametro
TS015,2014-09-27T00:50:56Z,Variaz. limite allarme
TS015,2014-09-27T00:50:56Z,Variaz. limite allarme
TS015,2014-09-27T00:50:56Z,Variaz. limite allarme
TS015,2014-09-27T00:50:56Z,Funzioni
TS015,2014-09-27T00:56:07Z,Variaz. limite allarme
TS015,2014-09-27T00:56:07Z,Variaz. parametro
TS015,2014-09-27T00:56:07Z,Variaz. parametro
TS015,2014-09-27T00:56:07Z,Variaz. parametro
TS015,2014-09-27T00:56:07Z,Variaz. parametro
TS015,2014-09-27T00:56:07Z,Variaz. parametro
TS015,2014-09-27T00:56:07Z,Variaz. parametro
TS015,2014-09-27T00:56:07Z,Variaz. limite allarme
TS015,2014-09-27T00:56:07Z,Variaz. limite allarme
TS015,2014-09-27T00:56:07Z,Variaz. limite allarme
TS015,2014-09-27T00:56:14Z,Allarme
TS015,2014-09-27T01:03:45Z,Variaz. parametro
TS015,2014-09-27T06:44:03Z,Allarme
TS015,2014-09-27T06:55:53Z,Variaz. parametro
TS015,2014-09-27T06:55:53Z,Variaz. limite allarme
TS015,2014-09-27T13:57:19Z,Variaz. parametro
TS015,2014-09-27T13:57:19Z,Variaz. parametro
TS015,2014-09-27T13:57:19Z,Funzioni
TS015,2014-09-27T13:58:31Z,Funzioni
TS015,2014-09-27T13:58:41Z,Variaz. parametro
TS015,2014-09-27T13:58:41Z,Funzioni
TS015,2014-09-27T13:58:48Z,Variaz. parametro
TS015,2014-09-27T14:09:04Z,Variaz. parametro
TS015,2014-09-27T14:57:15Z,Variaz. parametro
TS015,2014-09-27T14:57:15Z,Variaz. parametro
TS015,2014-09-27T14:57:15Z,Variaz. limite allarme
TS015,2014-09-27T14:57:30Z,Allarme
TS015,2014-09-27T14:57:38Z,Funzioni
TS015,2014-09-27T14:57:39Z,Variaz. parametro
TS015,2014-09-27T14:57:41Z,Variaz. parametro
TS015,2014-09-27T15:13:34Z,Variaz. parametro
TS015,2014-09-27T15:20:30Z,Variaz. parametro
TS015,2014-09-27T17:53:55Z,Funzioni
TS015,2014-09-27T17:54:49Z,Funzioni
TS015,2014-09-27T21:11:08Z,Variaz. parametro
TS015,2014-09-27T21:11:08Z,Variaz. parametro
TS015,2014-09-27T21:11:08Z,Variaz. parametro
TS015,2014-09-27T21:11:08Z,Funzioni
TS015,2014-09-27T21:13:07Z,Allarme
TS015,2014-09-27T21:33:26Z,Funzioni
TS015,2014-09-27T21:33:36Z,Variaz. parametro
TS015,2014-09-27T21:33:36Z,Variaz. parametro
TS015,2014-09-27T21:33:44Z,Variaz. parametro
TS015,2014-09-27T21:33:44Z,Variaz. parametro
TS015,2014-09-27T21:33:44Z,Variaz. limite allarme
TS015,2014-09-27T21:34:35Z,Allarme
TS015,2014-09-27T21:34:44Z,Variaz. parametro
TS015,2014-09-27T21:34:44Z,Funzioni
TS015,2014-09-28T08:16:02Z,Allarme
TS015,2014-09-28T09:13:07Z,Funzioni
TS015,2014-09-28T09:13:08Z,Variaz. parametro
TS015,2014-09-28T09:13:08Z,Variaz. parametro
TS015,2014-09-28T09:33:45Z,Allarme
TS015,2014-09-28T09:43:44Z,Funzioni
TS015,2014-09-28T09:44:18Z,Allarme
TS015,2014-09-28T09:47:42Z,Funzioni
TS015,2014-09-28T09:48:48Z,Funzioni
TS015,2014-09-28T09:49:00Z,Variaz. limite allarme
TS015,2014-09-28T10:11:07Z,Variaz. parametro
TS015,2014-09-28T12:08:03Z,Variaz. parametro
TS015,2014-09-28T12:08:26Z,Variaz. parametro
TS015,2014-09-28T12:09:28Z,Variaz. parametro
TS015,2014-09-29T09:04:28Z,Variaz. parametro
TS015,2014-09-29T09:04:28Z,Variaz. parametro
TS015,2014-09-29T09:04:28Z,Variaz. parametro
TS015,2014-09-29T09:04:28Z,Variaz. parametro
TS015,2014-09-29T09:04:28Z,Variaz. parametro
TS015,2014-09-29T09:04:28Z,Variaz. parametro
TS015,2014-09-29T09:04:28Z,Variaz. parametro
TS015,2014-09-29T09:04:28Z,Variaz. limite allarme
TS015,2014-09-29T09:04:28Z,Variaz. limite allarme
TS015,2014-09-29T09:04:28Z,Variaz. limite allarme
TS015,2014-09-29T09:04:28Z,Funzioni
TS015,2014-09-29T09:04:46Z,Funzioni
TS015,2014-09-29T09:06:03Z,Funzioni
TS015,2014-09-29T09:06:03Z,Variaz. limite allarme
TS015,2014-09-29T09:06:03Z,Variaz. limite allarme
TS015,2014-09-29T09:06:03Z,Variaz. limite allarme
TS015,2014-09-29T09:06:03Z,Variaz. limite allarme
TS015,2014-09-29T09:06:06Z,Variaz. parametro
TS015,2014-09-29T09:06:06Z,Variaz. parametro
TS015,2014-09-29T09:06:06Z,Variaz. parametro
TS015,2014-09-29T09:06:06Z,Variaz. parametro
TS015,2014-09-29T09:06:06Z,Variaz. parametro
TS015,2014-09-29T09:06:06Z,Variaz. parametro
TS015,2014-09-29T09:06:07Z,Funzioni
TS015,2014-09-29T09:06:31Z,Allarme
TS015,2014-09-29T09:07:30Z,Funzioni
TS015,2014-09-29T09:08:42Z,Funzioni
TS015,2014-09-29T09:09:08Z,Variaz. parametro
TS015,2014-09-29T09:09:08Z,Variaz. parametro
TS015,2014-09-29T09:09:08Z,Variaz. parametro
TS015,2014-09-29T09:09:08Z,Variaz. parametro
TS015,2014-09-29T09:09:08Z,Variaz. parametro
TS015,2014-09-29T09:09:08Z,Variaz. parametro
TS015,2014-09-29T09:09:08Z,Variaz. limite allarme
TS015,2014-09-29T09:09:08Z,Variaz. limite allarme
TS015,2014-09-29T09:09:08Z,Variaz. limite allarme
TS015,2014-09-29T09:09:08Z,Variaz. limite allarme
TS015,2014-09-29T09:09:08Z,Funzioni
TS015,2014-09-29T09:09:47Z,Variaz. parametro
TS015,2014-09-29T09:11:12Z,Variaz. parametro
TS015,2014-09-29T09:12:52Z,Variaz. parametro
TS015,2014-09-29T09:12:57Z,Variaz. parametro
TS015,2014-09-29T09:38:38Z,Variaz. parametro
TS015,2014-09-29T10:03:10Z,Funzioni
TS015,2014-09-29T11:17:52Z,Allarme
TS015,2014-09-29T12:30:45Z,Variaz. parametro
TS015,2014-09-29T12:30:45Z,Variaz. parametro
TS015,2014-09-29T12:30:45Z,Variaz. parametro
TS015,2014-09-29T12:30:45Z,Variaz. parametro
TS015,2014-09-29T12:30:45Z,Variaz. parametro
TS015,2014-09-29T12:30:45Z,Variaz. parametro
TS015,2014-09-29T12:30:45Z,Variaz. limite allarme
TS015,2014-09-29T12:30:45Z,Variaz. limite allarme
TS015,2014-09-29T12:30:45Z,Variaz. limite allarme
TS015,2014-09-29T12:30:45Z,Funzioni
TS015,2014-09-29T12:30:50Z,Allarme
TS015,2014-09-29T12:32:09Z,Variaz. parametro
TS015,2014-09-29T12:32:19Z,Variaz. parametro
TS015,2014-09-29T15:31:09Z,Variaz. parametro
TS015,2014-09-29T16:08:29Z,Variaz. parametro
TS015,2014-09-29T16:08:29Z,Variaz. parametro
TS015,2014-09-29T16:08:29Z,Variaz. parametro
TS015,2014-09-29T16:08:29Z,Variaz. limite allarme
TS015,2014-09-29T16:08:35Z,Variaz. limite allarme
TS015,2014-09-29T16:08:56Z,Allarme
TS015,2014-09-29T16:09:16Z,Variaz. limite allarme
TS015,2014-09-29T16:09:52Z,Allarme
TS015,2014-09-29T16:10:40Z,Variaz. parametro
TS015,2014-09-29T16:11:18Z,Variaz. parametro
TS015,2014-09-29T16:11:18Z,Variaz. parametro
TS015,2014-09-29T16:11:18Z,Funzioni
TS015,2014-09-29T17:29:06Z,Variaz. parametro
TS015,2014-09-29T17:29:06Z,Variaz. parametro
TS015,2014-09-29T17:29:06Z,Variaz. limite allarme
TS015,2014-09-29T17:29:22Z,Variaz. limite allarme
TS015,2014-09-29T17:30:00Z,Variaz. parametro
TS015,2014-09-29T17:30:00Z,Funzioni
TS015,2014-09-29T17:39:01Z,Allarme
TS015,2014-09-29T17:44:58Z,Allarme
TS015,2014-09-29T17:56:47Z,Allarme
TS015,2014-09-29T18:08:58Z,Allarme
TS015,2014-09-29T18:37:04Z,Allarme
TS015,2014-09-29T18:48:38Z,Allarme
TS015,2014-09-29T20:48:38Z,Allarme
TS015,2014-09-29T20:52:54Z,Allarme
TS015,2014-09-29T21:16:02Z,Allarme
TS015,2014-09-29T21:27:38Z,Allarme
TS015,2014-09-29T21:28:49Z,Allarme
TS015,2014-09-29T21:34:04Z,Allarme
TS015,2014-09-29T21:38:58Z,Allarme
TS015,2014-09-29T21:43:13Z,Allarme
TS015,2014-09-29T21:45:26Z,Allarme
TS015,2014-09-29T21:46:04Z,Allarme
TS015,2014-09-29T22:13:44Z,Allarme
TS015,2014-09-29T22:22:13Z,Allarme
TS015,2014-09-29T22:27:16Z,Allarme
TS015,2014-09-29T23:23:01Z,Allarme
TS015,2014-09-29T23:24:33Z,Allarme
TS015,2014-09-29T23:31:33Z,Allarme
TS015,2014-09-29T23:32:31Z,Allarme
TS015,2014-09-29T23:34:18Z,Allarme
TS015,2014-09-29T23:35:22Z,Allarme
TS015,2014-09-29T23:36:28Z,Allarme
TS015,2014-09-29T23:38:26Z,Allarme
TS015,2014-09-29T23:39:26Z,Allarme
TS015,2014-09-29T23:55:41Z,Variaz. parametro
TS015,2014-09-29T23:55:41Z,Variaz. parametro
TS015,2014-09-29T23:55:44Z,Variaz. parametro
TS015,2014-09-30T02:59:54Z,Allarme
TS015,2014-09-30T04:52:40Z,Allarme
TS015,2014-09-30T08:28:55Z,Variaz. parametro
TS015,2014-09-30T08:29:44Z,Funzioni
TS015,2014-09-30T09:11:28Z,Variaz. parametro
TS015,2014-09-30T09:11:28Z,Variaz. parametro
TS015,2014-09-30T09:11:28Z,Variaz. parametro
TS015,2014-09-30T09:11:28Z,Funzioni
TS015,2014-09-30T09:46:51Z,Allarme
TS015,2014-09-30T11:28:29Z,Funzioni
TS015,2014-09-30T11:29:31Z,Funzioni
TS015,2014-09-30T12:04:53Z,Funzioni
TS015,2014-09-30T12:07:07Z,Variaz. parametro
TS015,2014-09-30T12:26:41Z,Allarme
TS015,2014-09-30T12:27:21Z,Allarme
TS015,2014-09-30T12:27:26Z,Allarme
TS015,2014-09-30T12:33:25Z,Funzioni
TS015,2014-09-30T13:16:24Z,Variaz. parametro
TS015,2014-09-30T13:16:24Z,Funzioni
TS015,2014-09-30T13:19:43Z,Allarme
TS015,2014-09-30T13:21:53Z,Allarme
TS015,2014-09-30T13:23:27Z,Funzioni
TS015,2014-09-30T13:23:29Z,Allarme
TS015,2014-09-30T13:24:08Z,Allarme
TS015,2014-09-30T13:24:29Z,Variaz. parametro
TS015,2014-09-30T14:07:17Z,Allarme
TS015,2014-09-30T14:24:10Z,Allarme
TS015,2014-09-30T14:27:39Z,Allarme
TS015,2014-09-30T14:28:36Z,Variaz. parametro
TS015,2014-09-30T15:56:44Z,Allarme
TS015,2014-09-30T16:59:45Z,Funzioni
TS015,2014-09-30T17:26:05Z,Allarme
TS015,2014-09-30T21:02:51Z,Allarme
TS015,2014-09-30T21:03:46Z,Allarme
TS015,2014-09-30T21:05:26Z,Allarme
TS015,2014-10-01T00:16:36Z,Variaz. parametro
TS015,2014-10-01T01:51:20Z,Allarme
TS015,2014-10-01T01:57:34Z,Funzioni
TS015,2014-10-01T02:02:14Z,Allarme
TS015,2014-10-01T08:05:11Z,Allarme
TS015,2014-10-01T08:08:54Z,Allarme
TS015,2014-10-01T09:13:04Z,Variaz. parametro
TS015,2014-10-01T09:44:19Z,Funzioni
TS015,2014-10-01T09:44:41Z,Allarme
TS015,2014-10-01T11:37:17Z,Allarme
TS015,2014-10-01T12:33:30Z,Allarme
TS015,2014-10-01T14:04:54Z,Allarme
TS015,2014-10-01T14:08:11Z,Funzioni
TS015,2014-10-01T14:08:37Z,Allarme
TS015,2014-10-01T14:09:00Z,Funzioni
TS015,2014-10-01T16:06:32Z,Allarme
TS015,2014-10-01T16:06:43Z,Variaz. parametro
TS015,2014-10-01T17:43:27Z,Variaz. parametro
TS015,2014-10-01T19:52:26Z,Allarme
TS015,2014-10-01T20:47:12Z,Allarme
TS015,2014-10-01T21:55:19Z,Allarme
TS015,2014-10-01T22:02:13Z,Allarme
TS015,2014-10-01T22:02:52Z,Funzioni
TS015,2014-10-01T22:04:21Z,Allarme
TS015,2014-10-01T22:27:22Z,Allarme
TS015,2014-10-01T22:33:38Z,Allarme
TS015,2014-10-01T22:39:00Z,Allarme
TS015,2014-10-01T22:42:26Z,Allarme
TS015,2014-10-01T22:43:52Z,Allarme
TS015,2014-10-01T22:47:31Z,Allarme
TS015,2014-10-01T22:50:37Z,Allarme
TS015,2014-10-01T22:52:50Z,Allarme
TS015,2014-10-01T22:55:04Z,Allarme
TS015,2014-10-01T22:57:19Z,Allarme
TS015,2014-10-01T22:59:33Z,Allarme
TS015,2014-10-01T23:02:54Z,Allarme
TS015,2014-10-01T23:05:03Z,Allarme
TS015,2014-10-01T23:07:27Z,Allarme
TS015,2014-10-01T23:09:42Z,Allarme
TS015,2014-10-01T23:11:57Z,Allarme
TS015,2014-10-01T23:17:34Z,Allarme
TS015,2014-10-01T23:19:53Z,Allarme
TS015,2014-10-01T23:24:13Z,Allarme
TS015,2014-10-01T23:46:50Z,Allarme
TS015,2014-10-01T23:51:26Z,Allarme
TS015,2014-10-01T23:52:48Z,Allarme
TS015,2014-10-01T23:56:16Z,Allarme
TS015,2014-10-01T23:58:33Z,Allarme
TS015,2014-10-02T00:00:54Z,Allarme
TS015,2014-10-02T00:13:18Z,Allarme
TS015,2014-10-02T00:16:45Z,Allarme
TS015,2014-10-02T00:18:59Z,Allarme
TS015,2014-10-02T00:22:27Z,Allarme
TS015,2014-10-02T00:27:22Z,Allarme
TS015,2014-10-02T00:30:58Z,Allarme
TS015,2014-10-02T00:35:41Z,Allarme
TS015,2014-10-02T00:55:55Z,Variaz. parametro
TS015,2014-10-02T02:20:15Z,Allarme
TS015,2014-10-02T02:23:48Z,Allarme
TS015,2014-10-02T02:26:16Z,Allarme
TS015,2014-10-02T02:34:52Z,Allarme
TS015,2014-10-02T02:37:24Z,Allarme
TS015,2014-10-02T02:39:50Z,Allarme
TS015,2014-10-02T02:43:31Z,Allarme
TS015,2014-10-02T02:45:58Z,Allarme
TS015,2014-10-02T02:47:26Z,Allarme
TS015,2014-10-02T02:48:43Z,Allarme
TS015,2014-10-02T02:51:12Z,Allarme
TS015,2014-10-02T02:52:30Z,Allarme
TS015,2014-10-02T02:54:57Z,Allarme
TS015,2014-10-02T02:56:22Z,Allarme
TS015,2014-10-02T02:58:50Z,Allarme
TS015,2014-10-02T03:00:11Z,Allarme
TS015,2014-10-02T03:02:40Z,Allarme
TS015,2014-10-02T03:03:59Z,Allarme
TS015,2014-10-02T03:05:01Z,Funzioni
TS015,2014-10-02T03:06:17Z,Variaz. parametro
TS015,2014-10-02T03:21:32Z,Allarme
TS015,2014-10-02T03:22:49Z,Allarme
TS015,2014-10-02T03:25:14Z,Allarme
TS015,2014-10-02T03:26:30Z,Allarme
TS015,2014-10-02T03:28:46Z,Allarme
TS015,2014-10-02T03:30:03Z,Allarme
TS015,2014-10-02T03:32:00Z,Variaz. parametro
TS015,2014-10-02T03:32:00Z,Variaz. parametro
TS015,2014-10-02T03:32:00Z,Variaz. parametro
TS015,2014-10-02T03:32:39Z,Variaz. parametro
TS015,2014-10-02T04:19:58Z,Allarme
TS015,2014-10-02T04:45:22Z,Allarme
TS015,2014-10-02T04:50:43Z,Allarme
TS015,2014-10-02T04:58:54Z,Allarme
TS015,2014-10-02T04:59:15Z,Allarme
TS015,2014-10-02T04:59:47Z,Variaz. parametro
TS015,2014-10-02T06:12:33Z,Variaz. parametro
TS015,2014-10-02T06:13:26Z,Funzioni
TS015,2014-10-02T06:14:30Z,Variaz. parametro
TS015,2014-10-02T06:23:33Z,Allarme
TS015,2014-10-02T06:38:45Z,Allarme
TS015,2014-10-02T07:08:59Z,Allarme
TS015,2014-10-02T07:37:13Z,Allarme
TS015,2014-10-02T07:49:57Z,Variaz. parametro
TS015,2014-10-02T08:04:10Z,Allarme
TS015,2014-10-02T08:10:00Z,Variaz. parametro
TS015,2014-10-02T08:17:47Z,Allarme
TS015,2014-10-02T08:18:12Z,Allarme
TS015,2014-10-02T08:18:50Z,Allarme
TS015,2014-10-02T08:20:07Z,Allarme
TS015,2014-10-02T08:20:28Z,Allarme
TS015,2014-10-02T08:20:40Z,Allarme
TS015,2014-10-02T08:20:58Z,Allarme
TS015,2014-10-02T08:21:19Z,Allarme
TS015,2014-10-02T08:21:56Z,Allarme
TS015,2014-10-02T08:22:59Z,Allarme
TS015,2014-10-02T08:23:09Z,Allarme
TS015,2014-10-02T08:23:20Z,Allarme
TS015,2014-10-02T08:24:15Z,Funzioni
TS015,2014-10-02T08:53:15Z,Variaz. parametro
TS015,2014-10-02T08:53:15Z,Variaz. parametro
TS015,2014-10-02T08:53:15Z,Variaz. parametro
TS015,2014-10-02T08:55:14Z,Allarme
TS015,2014-10-02T09:07:41Z,Allarme
TS015,2014-10-02T09:11:49Z,Allarme
TS015,2014-10-02T09:17:24Z,Allarme
TS015,2014-10-02T09:19:58Z,Allarme
TS015,2014-10-02T09:22:55Z,Allarme
TS015,2014-10-02T09:25:39Z,Allarme
TS015,2014-10-02T09:31:31Z,Allarme
TS015,2014-10-02T09:36:27Z,Allarme
TS015,2014-10-02T09:39:03Z,Allarme
TS015,2014-10-02T09:44:34Z,Allarme
TS015,2014-10-02T09:50:38Z,Allarme
TS015,2014-10-02T09:58:18Z,Allarme
TS015,2014-10-02T10:00:58Z,Allarme
TS015,2014-10-02T10:02:37Z,Allarme
TS015,2014-10-02T10:07:31Z,Allarme
TS015,2014-10-02T10:14:54Z,Allarme
TS015,2014-10-02T10:18:32Z,Allarme
TS015,2014-10-02T10:19:48Z,Variaz. parametro
TS015,2014-10-02T10:19:48Z,Variaz. parametro
TS015,2014-10-02T10:19:57Z,Variaz. parametro
TS015,2014-10-02T10:21:08Z,Allarme
TS015,2014-10-02T10:21:15Z,Allarme
TS015,2014-10-02T10:21:36Z,Allarme
TS015,2014-10-02T10:23:16Z,Variaz. parametro
TS015,2014-10-02T10:23:16Z,Funzioni
TS015,2014-10-02T10:23:31Z,Funzioni
TS015,2014-10-02T10:25:09Z,Allarme
TS015,2014-10-02T10:25:54Z,Allarme
TS015,2014-10-02T10:34:31Z,Allarme
TS015,2014-10-02T10:34:48Z,Allarme
TS015,2014-10-02T11:04:32Z,Allarme
TS015,2014-10-02T11:07:53Z,Funzioni
TS015,2014-10-02T11:07:54Z,Variaz. parametro
TS015,2014-10-02T11:07:54Z,Variaz. parametro
TS015,2014-10-02T11:09:38Z,Variaz. parametro
TS015,2014-10-02T11:55:51Z,Allarme
TS015,2014-10-02T12:55:45Z,Allarme
TS015,2014-10-02T13:26:00Z,Allarme
TS015,2014-10-02T13:43:56Z,Allarme
TS015,2014-10-02T13:46:48Z,Allarme
TS015,2014-10-02T13:48:58Z,Allarme
TS015,2014-10-02T14:30:34Z,Allarme
TS015,2014-10-02T14:40:15Z,Allarme
TS015,2014-10-02T14:45:23Z,Variaz. parametro
TS015,2014-10-02T14:46:48Z,Variaz. parametro
TS015,2014-10-02T14:52:37Z,Allarme
TS015,2014-10-02T14:55:28Z,Variaz. limite allarme
TS015,2014-10-02T15:25:41Z,Variaz. parametro
TS015,2014-10-02T15:27:10Z,Funzioni
TS015,2014-10-02T16:04:25Z,Variaz. parametro
TS015,2014-10-02T16:23:37Z,Allarme
TS015,2014-10-02T16:37:09Z,Funzioni
TS015,2014-10-02T16:38:25Z,Funzioni
TS015,2014-10-02T17:14:09Z,Variaz. limite allarme
TS015,2014-10-02T17:14:09Z,Variaz. parametro
TS015,2014-10-02T17:14:09Z,Variaz. parametro
TS015,2014-10-02T17:14:09Z,Variaz. parametro
TS015,2014-10-02T17:14:09Z,Variaz. parametro
TS015,2014-10-02T17:14:09Z,Variaz. parametro
TS015,2014-10-02T17:14:09Z,Variaz. parametro
TS015,2014-10-02T17:14:09Z,Variaz. limite allarme
TS015,2014-10-02T17:14:09Z,Variaz. limite allarme
TS015,2014-10-02T17:14:09Z,Variaz. limite allarme
TS015,2014-10-02T17:14:09Z,Variaz. limite allarme
TS015,2014-10-02T17:14:13Z,Allarme
